Hourly_DateTime,Radiation,Temperature,Pressure,Humidity,WindDirection(Degrees),Speed,ZenithDeviation
2016-10-01 00:00:00,1.26,48.5,30.45,88.25,153.25,9.98,697.62
2016-10-01 01:00:00,1.27,50.42,30.44,98.92,145.18,8.06,644.5
2016-10-01 02:00:00,1.28,50.08,30.43,100.0,136.54,6.84,584.5
2016-10-01 03:00:00,1.27,50.17,30.43,100.0,132.1,5.34,524.5
2016-10-01 04:00:00,1.27,50.17,30.43,100.17,117.02,6.75,464.5
2016-10-01 05:00:00,1.28,50.0,30.44,101.0,128.62,7.68,404.5
2016-10-01 06:00:00,10.8,49.42,30.45,99.92,128.84,7.03,344.5
2016-10-01 07:00:00,137.55,51.42,30.46,100.83,108.41,5.06,284.5
2016-10-01 08:00:00,460.83,53.58,30.47,100.42,82.84,5.06,224.5
2016-10-01 09:00:00,569.09,54.67,30.48,98.33,77.27,6.28,164.5
2016-10-01 10:00:00,493.26,54.92,30.48,97.5,94.57,5.25,104.5
2016-10-01 11:00:00,960.82,57.42,30.46,96.0,78.31,7.31,44.5
2016-10-01 12:00:00,959.33,57.17,30.45,96.08,52.0,8.62,19.0
2016-10-01 13:00:00,620.27,57.0,30.43,96.25,92.73,6.37,75.5
2016-10-01 14:00:00,459.67,55.42,30.42,99.92,136.55,6.28,135.5
2016-10-01 15:00:00,305.44,54.75,30.42,101.0,106.13,6.28,195.5
2016-10-01 16:00:00,149.43,53.42,30.42,101.0,91.15,5.25,255.5
2016-10-01 17:00:00,54.67,52.5,30.44,101.25,89.17,4.5,315.5
2016-10-01 18:00:00,2.31,51.92,30.44,102.0,85.24,4.12,375.5
2016-10-01 19:00:00,1.27,51.5,30.45,102.0,103.06,6.65,435.5
2016-10-01 20:00:00,1.28,51.17,30.47,102.0,117.53,6.65,495.5
2016-10-01 21:00:00,1.28,51.17,30.47,102.0,111.1,4.59,555.5
2016-10-01 22:00:00,1.27,50.58,30.47,102.0,134.77,6.18,615.5
2016-10-01 23:00:00,1.28,50.75,30.47,101.67,133.41,6.0,675.5
2016-10-02 00:00:00,1.27,50.38,30.46,101.0,140.05,6.33,697.0
2016-10-02 01:00:00,1.27,51.0,30.45,101.0,138.47,5.62,644.5
2016-10-02 02:00:00,1.26,49.67,30.43,101.0,109.03,3.94,584.5
2016-10-02 03:00:00,1.25,49.08,30.42,101.0,121.42,4.87,524.5
2016-10-02 04:00:00,1.26,47.75,30.42,100.67,121.83,4.78,464.5
2016-10-02 05:00:00,1.24,47.58,30.43,96.67,132.37,5.9,404.5
2016-10-02 06:00:00,27.02,48.75,30.44,97.5,155.16,6.0,344.5
2016-10-02 07:00:00,242.1,52.33,30.45,99.33,118.11,4.03,284.5
2016-10-02 08:00:00,420.41,55.08,30.47,94.75,115.16,7.03,224.5
2016-10-02 09:00:00,565.54,55.33,30.48,95.67,85.13,6.28,164.5
2016-10-02 10:00:00,625.77,56.75,30.47,96.17,75.86,5.72,104.5
2016-10-02 11:00:00,783.63,57.33,30.46,96.58,83.02,6.75,44.5
2016-10-02 12:00:00,732.83,57.08,30.44,96.67,105.84,6.47,19.0
2016-10-02 13:00:00,754.75,57.58,30.43,96.25,156.05,5.72,75.5
2016-10-02 14:00:00,437.71,56.83,30.41,96.92,106.02,5.9,135.5
2016-10-02 15:00:00,323.55,55.5,30.41,99.83,99.74,5.9,195.5
2016-10-02 16:00:00,168.76,54.08,30.41,100.83,68.34,5.72,255.5
2016-10-02 17:00:00,53.55,53.42,30.41,101.08,65.24,5.62,315.5
2016-10-02 18:00:00,1.7,52.25,30.42,101.92,77.28,5.53,375.5
2016-10-02 19:00:00,1.24,52.0,30.44,102.0,85.82,4.22,435.5
2016-10-02 20:00:00,1.23,51.58,30.45,102.0,109.76,5.06,495.5
2016-10-02 21:00:00,1.23,51.0,30.46,102.0,89.16,4.96,555.5
2016-10-02 22:00:00,1.24,51.0,30.46,102.0,90.27,3.88,616.18
2016-10-02 23:00:00,1.24,50.75,30.45,102.0,99.92,4.97,675.5
2016-10-03 00:00:00,1.25,50.0,30.44,102.0,118.59,3.12,697.67
2016-10-03 01:00:00,1.23,49.75,30.44,102.0,107.76,4.12,643.5
2016-10-03 02:00:00,1.24,48.67,30.43,102.0,127.88,3.0,583.5
2016-10-03 03:00:00,1.22,47.08,30.42,101.5,133.17,4.59,523.5
2016-10-03 04:00:00,1.23,48.17,30.42,96.08,148.08,7.03,463.5
2016-10-03 05:00:00,1.22,48.08,30.42,91.33,123.67,4.03,403.5
2016-10-03 06:00:00,25.61,48.42,30.43,81.42,145.38,6.28,343.5
2016-10-03 07:00:00,173.76,50.42,30.45,85.0,131.57,6.37,283.5
2016-10-03 08:00:00,287.83,53.45,30.46,90.36,121.47,9.41,222.36
2016-10-03 09:00:00,395.99,55.33,30.47,92.33,94.88,6.0,163.5
2016-10-03 10:00:00,492.32,55.25,30.47,98.25,131.68,7.22,103.5
2016-10-03 11:00:00,305.56,54.17,30.46,100.17,60.43,6.56,43.5
2016-10-03 12:00:00,379.75,54.33,30.45,101.0,107.57,5.06,18.75
2016-10-03 13:00:00,338.23,54.0,30.43,101.0,62.96,6.75,75.27
2016-10-03 14:00:00,172.27,53.5,30.42,101.58,78.83,4.68,135.5
2016-10-03 15:00:00,189.14,53.0,30.42,102.0,100.0,6.0,195.5
2016-10-03 16:00:00,131.19,53.08,30.41,102.0,74.44,4.68,255.5
2016-10-03 17:00:00,41.92,52.25,30.42,102.0,101.81,6.09,315.5
2016-10-03 18:00:00,1.82,52.0,30.43,100.82,116.77,5.83,375.73
2016-10-03 19:00:00,1.25,52.0,30.44,98.5,129.91,5.15,435.5
2016-10-03 20:00:00,1.25,52.0,30.45,98.55,102.3,3.27,494.36
2016-10-03 21:00:00,1.28,51.67,30.46,99.5,96.47,3.0,555.5
2016-10-03 22:00:00,1.27,51.0,30.46,99.0,110.59,3.0,615.5
2016-10-03 23:00:00,1.25,51.42,30.45,96.75,124.75,6.46,675.5
2016-10-04 00:00:00,1.26,52.0,30.44,93.86,171.25,3.53,694.57
2016-10-04 01:00:00,1.24,50.25,30.43,98.83,121.34,2.81,643.5
2016-10-04 02:00:00,1.23,50.08,30.42,98.08,109.18,2.44,583.5
2016-10-04 03:00:00,1.23,49.83,30.41,98.08,129.76,3.84,523.5
2016-10-04 04:00:00,1.23,49.42,30.41,95.83,220.57,2.81,463.5
2016-10-04 05:00:00,1.23,49.0,30.42,93.0,196.13,3.68,402.82
2016-10-04 06:00:00,15.31,49.0,30.43,94.08,160.07,3.09,343.5
2016-10-04 07:00:00,106.57,50.83,30.44,95.33,181.87,2.44,283.5
2016-10-04 08:00:00,200.69,52.25,30.46,99.58,308.07,1.12,223.5
2016-10-04 09:00:00,417.19,54.42,30.47,99.83,77.66,3.28,163.5
2016-10-04 10:00:00,458.92,56.25,30.47,98.42,107.24,3.94,103.5
2016-10-04 11:00:00,200.06,55.25,30.46,100.42,60.34,5.72,43.5
2016-10-04 12:00:00,446.71,56.0,30.45,101.75,45.86,5.15,19.5
2016-10-04 13:00:00,225.13,55.5,30.43,101.42,85.39,6.84,76.5
2016-10-04 14:00:00,231.92,55.42,30.41,102.0,62.93,5.34,136.5
2016-10-04 15:00:00,103.85,54.58,30.42,102.0,105.44,4.31,196.5
2016-10-04 16:00:00,127.52,54.25,30.43,102.0,78.39,3.47,256.5
2016-10-04 17:00:00,104.15,55.17,30.44,102.0,108.48,3.19,316.5
2016-10-04 18:00:00,3.53,53.58,30.44,102.0,85.44,3.28,376.5
2016-10-04 19:00:00,1.25,52.33,30.46,102.0,112.26,4.03,436.5
2016-10-04 20:00:00,1.23,51.33,30.47,101.92,130.18,3.0,496.5
2016-10-04 21:00:00,1.23,50.75,30.48,101.0,140.73,4.87,556.5
2016-10-04 22:00:00,1.23,50.17,30.48,100.33,145.83,5.43,616.5
2016-10-04 23:00:00,1.22,50.17,30.46,99.42,141.12,4.31,676.5
2016-10-05 00:00:00,1.24,50.12,30.45,100.38,113.11,4.22,696.0
2016-10-05 01:00:00,1.24,50.42,30.44,101.75,120.88,2.81,643.5
2016-10-05 02:00:00,1.23,49.42,30.43,100.33,138.76,5.9,583.5
2016-10-05 03:00:00,1.23,49.75,30.43,99.42,143.96,4.4,523.5
2016-10-05 04:00:00,1.23,49.0,30.43,98.42,177.75,5.72,463.5
2016-10-05 05:00:00,1.24,48.0,30.43,95.75,175.72,5.06,403.5
2016-10-05 06:00:00,10.98,48.17,30.43,95.25,171.09,4.97,343.5
2016-10-05 07:00:00,174.99,51.67,30.45,99.17,143.67,7.5,283.5
2016-10-05 08:00:00,346.21,55.0,30.46,100.0,88.75,6.37,223.5
2016-10-05 09:00:00,382.2,55.0,30.47,100.92,95.43,5.53,163.5
2016-10-05 10:00:00,444.41,55.08,30.47,101.58,59.0,4.59,103.5
2016-10-05 11:00:00,696.92,56.33,30.46,101.75,114.77,5.34,43.5
2016-10-05 12:00:00,467.78,56.75,30.45,100.67,66.42,6.28,19.5
2016-10-05 13:00:00,482.17,56.5,30.44,101.08,26.52,5.16,76.5
2016-10-05 14:00:00,177.86,55.58,30.43,100.25,29.17,4.22,136.5
2016-10-05 15:00:00,178.66,54.91,30.43,101.45,32.56,3.27,198.55
2016-10-05 16:00:00,187.75,54.67,30.44,102.0,55.02,2.53,256.5
2016-10-05 17:00:00,92.84,55.73,30.45,99.45,84.29,2.45,318.09
2016-10-05 18:00:00,3.65,53.75,30.46,98.17,134.22,1.78,376.5
2016-10-05 19:00:00,1.24,52.09,30.47,99.36,128.2,2.86,437.18
2016-10-05 20:00:00,1.25,51.25,30.48,96.75,128.63,2.72,496.5
2016-10-05 21:00:00,1.24,50.92,30.49,97.08,130.84,3.93,556.5
2016-10-05 22:00:00,1.25,50.75,30.48,92.42,161.9,6.28,616.5
2016-10-05 23:00:00,1.24,50.75,30.47,89.5,139.75,4.21,676.5
2016-10-06 00:00:00,1.23,50.38,30.46,93.25,233.13,3.37,696.0
2016-10-06 01:00:00,1.23,48.42,30.45,95.42,210.18,4.59,643.5
2016-10-06 02:00:00,1.23,48.58,30.44,93.67,195.5,6.09,583.5
2016-10-06 03:00:00,1.23,47.75,30.43,92.67,195.83,5.9,523.5
2016-10-06 04:00:00,1.23,47.83,30.43,91.75,182.99,5.53,463.5
2016-10-06 05:00:00,1.22,47.0,30.44,91.25,164.86,2.15,403.5
2016-10-06 06:00:00,35.04,46.33,30.45,90.67,176.89,5.34,343.5
2016-10-06 07:00:00,144.12,49.0,30.47,91.42,175.83,3.09,283.5
2016-10-06 08:00:00,335.3,54.0,30.48,84.25,118.85,1.87,223.5
2016-10-06 09:00:00,626.51,56.75,30.49,86.25,93.76,1.78,163.5
2016-10-06 10:00:00,818.02,58.25,30.49,90.17,284.04,4.68,103.5
2016-10-06 11:00:00,406.44,58.58,30.48,88.58,257.55,6.47,43.5
2016-10-06 12:00:00,272.41,58.92,30.46,89.42,302.28,7.31,19.5
2016-10-06 13:00:00,351.87,58.67,30.44,92.75,280.43,6.65,76.5
2016-10-06 14:00:00,154.03,56.5,30.43,96.5,134.25,4.5,136.5
2016-10-06 15:00:00,62.75,54.5,30.42,99.17,54.27,3.09,196.5
2016-10-06 16:00:00,56.03,53.92,30.42,100.83,129.26,2.81,256.5
2016-10-06 17:00:00,49.59,54.0,30.43,101.0,324.25,2.72,316.5
2016-10-06 18:00:00,3.24,52.75,30.44,101.0,315.11,2.15,376.5
2016-10-06 19:00:00,1.23,51.75,30.45,101.42,123.26,1.5,436.5
2016-10-06 20:00:00,1.23,51.0,30.45,102.0,110.76,1.97,496.5
2016-10-06 21:00:00,1.23,50.0,30.46,102.0,132.09,4.4,556.5
2016-10-06 22:00:00,1.23,49.58,30.45,101.0,134.13,5.62,616.5
2016-10-06 23:00:00,1.23,49.25,30.44,100.83,154.28,6.09,676.5
2016-10-07 00:00:00,1.22,47.25,30.42,89.5,179.73,6.18,695.0
2016-10-07 01:00:00,1.22,46.25,30.41,84.33,165.56,5.43,642.5
2016-10-07 02:00:00,1.22,45.83,30.4,86.92,178.42,7.97,582.5
2016-10-07 03:00:00,1.22,46.0,30.4,82.5,180.64,7.87,522.5
2016-10-07 04:00:00,1.22,45.33,30.4,81.67,177.71,6.93,462.5
2016-10-07 05:00:00,1.22,45.0,30.4,83.25,175.77,6.84,402.5
2016-10-07 06:00:00,11.31,45.17,30.41,87.25,178.12,6.37,342.5
2016-10-07 07:00:00,220.76,49.0,30.42,88.33,167.06,3.93,282.5
2016-10-07 08:00:00,529.68,56.33,30.43,79.42,32.04,2.53,222.5
2016-10-07 09:00:00,736.16,56.5,30.44,86.83,180.51,2.81,162.5
2016-10-07 10:00:00,747.87,58.0,30.44,88.75,105.8,3.0,102.5
2016-10-07 11:00:00,683.37,58.83,30.43,89.0,150.98,4.69,42.5
2016-10-07 12:00:00,693.61,60.0,30.42,86.33,128.99,5.06,19.25
2016-10-07 13:00:00,333.13,59.17,30.4,90.08,130.94,3.84,76.5
2016-10-07 14:00:00,144.22,56.83,30.39,97.25,45.34,4.68,136.5
2016-10-07 15:00:00,88.65,55.0,30.38,100.5,44.83,3.28,196.5
2016-10-07 16:00:00,29.7,53.58,30.39,101.0,126.42,5.34,256.5
2016-10-07 17:00:00,30.49,51.33,30.4,99.42,267.48,2.9,316.5
2016-10-07 18:00:00,1.65,51.75,30.41,92.92,209.84,6.18,376.5
2016-10-07 19:00:00,1.24,51.0,30.42,99.0,114.29,3.19,436.5
2016-10-07 20:00:00,1.24,51.25,30.44,101.0,111.01,2.9,496.5
2016-10-07 21:00:00,1.23,49.33,30.44,97.33,177.17,4.4,556.5
2016-10-07 22:00:00,1.23,49.0,30.44,93.58,181.84,6.0,616.5
2016-10-07 23:00:00,1.23,48.75,30.43,92.83,152.1,4.21,676.5
2016-10-08 00:00:00,1.23,48.5,30.41,89.38,164.65,4.78,695.0
2016-10-08 01:00:00,1.25,47.92,30.4,89.75,180.14,6.0,642.5
2016-10-08 02:00:00,1.23,47.0,30.38,88.75,186.79,7.31,582.5
2016-10-08 03:00:00,1.24,47.17,30.38,86.92,164.97,5.06,522.5
2016-10-08 04:00:00,1.25,47.08,30.38,86.33,165.88,5.25,462.5
2016-10-08 05:00:00,1.24,46.67,30.38,88.0,171.29,5.44,402.5
2016-10-08 06:00:00,21.26,46.83,30.39,86.92,170.8,4.87,342.5
2016-10-08 07:00:00,126.61,48.67,30.4,86.42,164.84,5.06,282.5
2016-10-08 08:00:00,327.73,54.27,30.42,80.55,131.56,2.76,222.73
2016-10-08 09:00:00,749.87,59.67,30.43,66.33,129.87,1.87,162.5
2016-10-08 10:00:00,872.04,60.75,30.43,71.08,53.72,4.12,102.5
2016-10-08 11:00:00,831.77,61.25,30.42,71.67,24.17,5.06,42.5
2016-10-08 12:00:00,955.92,62.58,30.4,66.83,81.31,3.84,20.0
2016-10-08 13:00:00,557.69,62.75,30.39,73.5,182.16,5.34,77.5
2016-10-08 14:00:00,407.48,61.33,30.38,83.42,171.18,4.22,137.5
2016-10-08 15:00:00,327.06,60.75,30.38,88.25,332.44,7.97,197.5
2016-10-08 16:00:00,66.27,57.75,30.38,96.17,158.2,4.03,257.5
2016-10-08 17:00:00,42.36,56.75,30.38,96.42,324.55,3.93,317.5
2016-10-08 18:00:00,2.88,55.33,30.4,99.25,188.72,2.34,377.5
2016-10-08 19:00:00,1.25,53.08,30.41,98.42,159.53,3.0,437.5
2016-10-08 20:00:00,1.24,51.58,30.43,97.58,173.08,3.56,497.5
2016-10-08 21:00:00,1.24,50.67,30.43,95.25,170.67,4.68,557.5
2016-10-08 22:00:00,1.26,50.0,30.43,91.75,186.0,5.9,617.5
2016-10-08 23:00:00,1.25,50.17,30.43,88.5,190.77,7.97,677.5
2016-10-09 00:00:00,1.26,50.0,30.42,86.38,189.84,8.57,695.0
2016-10-09 01:00:00,1.24,49.91,30.41,86.91,189.57,9.3,644.55
2016-10-09 02:00:00,1.22,48.5,30.4,84.92,185.84,9.37,582.5
2016-10-09 03:00:00,1.24,48.0,30.39,81.92,186.89,11.25,522.5
2016-10-09 04:00:00,1.23,47.17,30.39,80.58,185.9,9.47,462.5
2016-10-09 05:00:00,1.23,46.91,30.4,81.82,184.08,10.02,402.27
2016-10-09 06:00:00,11.45,47.42,30.41,78.92,189.01,11.71,342.5
2016-10-09 07:00:00,217.15,51.42,30.42,75.08,194.74,7.97,282.5
2016-10-09 08:00:00,521.16,59.0,30.43,60.5,253.93,3.47,222.5
2016-10-09 09:00:00,745.64,61.5,30.44,52.33,271.26,3.37,162.5
2016-10-09 10:00:00,889.62,64.17,30.44,56.0,66.77,4.97,102.5
2016-10-09 11:00:00,980.45,64.92,30.43,58.0,83.62,4.78,42.5
2016-10-09 12:00:00,1053.05,64.64,30.42,61.64,146.79,6.03,21.36
2016-10-09 13:00:00,844.45,63.33,30.4,64.58,117.17,5.62,77.5
2016-10-09 14:00:00,632.89,63.25,30.39,67.25,109.08,5.72,137.5
2016-10-09 15:00:00,473.49,61.92,30.39,77.17,104.59,6.56,197.5
2016-10-09 16:00:00,340.1,60.42,30.39,75.42,52.13,3.94,257.5
2016-10-09 17:00:00,86.71,58.91,30.39,72.36,68.13,3.37,316.36
2016-10-09 18:00:00,1.97,54.5,30.41,82.92,119.56,2.06,377.5
2016-10-09 19:00:00,1.24,51.0,30.42,90.58,156.65,3.65,437.5
2016-10-09 20:00:00,1.24,50.0,30.44,92.64,168.48,4.19,499.09
2016-10-09 21:00:00,1.24,49.58,30.44,93.08,179.96,5.9,557.5
2016-10-09 22:00:00,1.23,50.17,30.44,87.83,187.76,7.78,617.5
2016-10-09 23:00:00,1.24,50.08,30.43,85.08,187.91,6.18,677.5
2016-10-10 00:00:00,1.24,48.14,30.42,87.86,181.0,7.07,692.57
2016-10-10 01:00:00,1.24,49.0,30.41,84.83,188.58,10.78,641.5
2016-10-10 02:00:00,1.24,49.27,30.4,81.27,194.08,9.1,580.36
2016-10-10 03:00:00,1.24,47.36,30.39,80.36,199.68,9.3,523.09
2016-10-10 04:00:00,1.23,47.0,30.39,78.33,201.28,7.5,461.5
2016-10-10 05:00:00,1.22,46.67,30.4,77.5,202.87,7.59,401.5
2016-10-10 06:00:00,10.35,46.92,30.4,75.58,194.47,9.75,341.5
2016-10-10 07:00:00,219.11,51.42,30.42,63.5,197.29,2.9,281.5
2016-10-10 08:00:00,528.54,58.75,30.43,52.08,169.24,2.25,221.5
2016-10-10 09:00:00,741.03,61.5,30.44,44.17,132.71,4.59,161.5
2016-10-10 10:00:00,875.51,62.25,30.44,49.33,90.88,6.0,101.5
2016-10-10 11:00:00,1017.84,62.75,30.43,53.0,52.23,5.62,41.5
2016-10-10 12:00:00,1017.58,62.83,30.42,62.67,71.07,5.06,19.83
2016-10-10 13:00:00,929.66,63.17,30.4,60.08,56.09,7.03,77.5
2016-10-10 14:00:00,803.14,62.82,30.39,55.91,92.96,6.65,137.27
2016-10-10 15:00:00,607.98,62.08,30.39,55.0,56.71,5.9,197.5
2016-10-10 16:00:00,368.67,60.42,30.4,57.42,34.46,4.03,257.5
2016-10-10 17:00:00,87.93,59.25,30.4,64.67,72.19,3.84,317.5
2016-10-10 18:00:00,2.17,55.25,30.4,59.33,141.67,3.18,377.5
2016-10-10 19:00:00,1.25,52.83,30.42,55.25,152.51,5.43,437.5
2016-10-10 20:00:00,1.24,50.5,30.43,57.83,129.57,4.59,497.5
2016-10-10 21:00:00,1.23,48.75,30.44,64.5,150.53,5.62,557.5
2016-10-10 22:00:00,1.23,49.67,30.43,89.92,146.84,6.18,617.5
2016-10-10 23:00:00,1.24,49.5,30.43,97.25,161.07,6.65,677.5
2016-10-11 00:00:00,1.24,51.11,30.42,99.89,155.62,5.12,695.67
2016-10-11 01:00:00,1.23,52.0,30.41,101.0,116.78,4.78,641.5
2016-10-11 02:00:00,1.25,52.0,30.4,101.0,97.21,4.09,581.27
2016-10-11 03:00:00,1.24,51.83,30.4,101.0,119.88,3.84,521.5
2016-10-11 04:00:00,1.23,51.25,30.4,101.75,126.4,5.06,461.5
2016-10-11 05:00:00,1.23,51.08,30.42,102.0,140.22,4.03,401.5
2016-10-11 06:00:00,11.9,50.0,30.43,101.33,146.88,4.87,341.5
2016-10-11 07:00:00,225.54,51.5,30.44,86.42,124.08,5.16,281.5
2016-10-11 08:00:00,530.76,57.75,30.45,67.08,67.76,3.37,221.33
2016-10-11 09:00:00,740.19,58.25,30.46,73.83,35.84,4.78,161.5
2016-10-11 10:00:00,891.46,59.08,30.45,84.33,114.81,6.56,101.5
2016-10-11 11:00:00,962.92,58.83,30.45,85.33,130.25,5.43,41.5
2016-10-11 12:00:00,935.13,59.42,30.43,83.17,119.16,6.37,19.83
2016-10-11 13:00:00,946.72,60.0,30.42,82.33,58.58,5.34,77.5
2016-10-11 14:00:00,720.26,60.25,30.41,79.42,172.08,5.9,137.5
2016-10-11 15:00:00,611.62,60.75,30.41,79.58,79.36,4.59,197.5
2016-10-11 16:00:00,350.72,60.67,30.42,79.92,32.0,5.15,257.5
2016-10-11 17:00:00,78.16,59.83,30.43,79.5,35.85,1.78,317.5
2016-10-11 18:00:00,2.05,56.67,30.44,84.92,59.26,1.59,377.5
2016-10-11 19:00:00,1.24,53.67,30.45,86.33,112.97,3.09,437.5
2016-10-11 20:00:00,1.24,52.0,30.47,84.33,155.93,4.22,497.5
2016-10-11 21:00:00,1.24,51.33,30.48,73.5,169.9,6.28,557.5
2016-10-11 22:00:00,1.24,51.0,30.47,80.25,171.99,5.9,617.5
2016-10-11 23:00:00,1.24,51.0,30.47,83.17,172.41,7.22,677.5
2016-10-12 00:00:00,1.24,49.78,30.46,86.11,181.46,5.25,695.67
2016-10-12 01:00:00,1.23,48.67,30.45,79.5,180.38,7.68,641.5
2016-10-12 02:00:00,1.24,48.0,30.44,70.91,174.64,6.54,582.18
2016-10-12 03:00:00,1.23,47.17,30.43,70.58,176.89,6.0,521.5
2016-10-12 04:00:00,1.23,47.0,30.43,70.0,174.78,7.03,461.5
2016-10-12 05:00:00,1.22,45.83,30.44,71.25,164.78,7.68,401.5
2016-10-12 06:00:00,14.85,45.42,30.46,79.17,154.74,7.87,341.5
2016-10-12 07:00:00,197.31,50.17,30.47,94.17,157.35,8.44,281.5
2016-10-12 08:00:00,388.89,55.0,30.48,93.83,107.35,5.15,221.5
2016-10-12 09:00:00,699.86,58.0,30.48,86.08,84.46,5.72,161.5
2016-10-12 10:00:00,864.3,59.75,30.48,78.42,95.11,7.03,101.5
2016-10-12 11:00:00,768.38,59.83,30.47,83.58,60.4,9.0,41.5
2016-10-12 12:00:00,800.23,57.83,30.45,93.83,98.35,6.28,20.67
2016-10-12 13:00:00,920.93,59.42,30.44,86.25,63.0,7.5,78.5
2016-10-12 14:00:00,826.06,60.0,30.43,82.0,64.94,6.47,138.5
2016-10-12 15:00:00,583.83,59.58,30.43,78.58,96.43,7.22,198.5
2016-10-12 16:00:00,337.43,58.0,30.44,84.0,53.53,5.25,258.5
2016-10-12 17:00:00,85.02,58.33,30.44,56.25,109.28,6.28,318.5
2016-10-12 18:00:00,1.97,55.83,30.45,37.5,133.71,9.28,378.5
2016-10-12 19:00:00,1.25,54.5,30.47,32.83,158.38,6.65,438.5
2016-10-12 20:00:00,1.24,53.0,30.49,35.08,156.83,8.72,498.5
2016-10-12 21:00:00,1.24,52.67,30.49,37.25,156.49,10.22,558.5
2016-10-12 22:00:00,1.24,52.25,30.5,40.83,158.88,9.93,618.5
2016-10-12 23:00:00,1.25,51.25,30.49,43.17,162.33,11.53,678.5
2016-10-13 00:00:00,1.24,51.0,30.48,43.5,160.38,11.81,696.5
2016-10-13 01:00:00,1.24,50.0,30.47,45.42,159.76,9.47,641.5
2016-10-13 02:00:00,1.23,48.42,30.46,48.25,174.3,7.22,581.5
2016-10-13 03:00:00,1.23,47.08,30.45,49.75,173.07,7.31,521.5
2016-10-13 04:00:00,1.22,47.5,30.45,47.75,173.32,7.22,461.5
2016-10-13 05:00:00,1.25,48.0,30.46,46.25,161.2,9.47,401.5
2016-10-13 06:00:00,10.57,49.17,30.46,43.0,164.74,10.78,341.5
2016-10-13 07:00:00,206.04,54.33,30.47,34.92,135.47,8.44,281.5
2016-10-13 08:00:00,531.68,60.92,30.48,27.17,89.7,5.9,221.5
2016-10-13 09:00:00,743.55,63.58,30.49,26.5,79.91,5.9,161.5
2016-10-13 10:00:00,898.23,64.92,30.49,29.83,75.41,5.53,101.5
2016-10-13 11:00:00,989.11,65.0,30.48,30.17,56.73,6.0,41.5
2016-10-13 12:00:00,1004.0,64.5,30.45,46.0,52.97,7.4,20.67
2016-10-13 13:00:00,941.2,64.25,30.44,48.17,56.25,8.06,78.5
2016-10-13 14:00:00,806.44,64.08,30.43,41.5,57.94,6.37,138.5
2016-10-13 15:00:00,611.83,65.33,30.42,34.92,97.09,5.34,198.5
2016-10-13 16:00:00,369.07,64.75,30.43,28.17,80.53,5.25,258.5
2016-10-13 17:00:00,89.87,62.36,30.44,24.27,107.83,4.5,316.0
2016-10-13 18:00:00,1.91,56.0,30.45,31.58,128.99,4.87,378.5
2016-10-13 19:00:00,1.24,53.17,30.47,31.08,138.47,4.68,438.5
2016-10-13 20:00:00,1.24,52.08,30.48,33.67,154.09,5.34,498.5
2016-10-13 21:00:00,1.24,50.75,30.49,38.33,170.58,7.22,558.5
2016-10-13 22:00:00,1.23,50.83,30.49,36.67,160.09,6.75,618.5
2016-10-13 23:00:00,1.24,51.0,30.47,37.83,162.58,9.28,678.5
2016-10-14 00:00:00,1.24,52.0,30.46,35.38,165.04,10.54,693.0
2016-10-14 01:00:00,1.24,52.0,30.45,32.42,158.16,8.62,640.5
2016-10-14 02:00:00,1.23,51.64,30.44,29.0,146.34,6.03,581.18
2016-10-14 03:00:00,1.23,49.36,30.42,32.82,136.53,5.62,519.82
2016-10-14 04:00:00,1.23,49.67,30.42,38.67,145.98,5.53,460.5
2016-10-14 05:00:00,1.23,48.83,30.43,33.58,120.11,4.97,400.5
2016-10-14 06:00:00,10.53,50.58,30.43,24.92,146.74,4.87,340.5
2016-10-14 07:00:00,206.59,57.08,30.45,20.33,149.57,5.15,280.5
2016-10-14 08:00:00,535.7,59.58,30.46,40.33,44.07,4.97,220.5
2016-10-14 09:00:00,745.13,61.67,30.47,42.83,84.56,7.68,160.5
2016-10-14 10:00:00,898.59,63.08,30.48,54.08,118.47,6.37,100.5
2016-10-14 11:00:00,984.68,62.42,30.48,60.08,96.59,7.5,40.5
2016-10-14 12:00:00,999.31,64.0,30.46,60.42,34.08,8.81,20.5
2016-10-14 13:00:00,935.02,63.92,30.45,58.75,115.0,7.69,78.5
2016-10-14 14:00:00,801.97,64.0,30.45,52.5,77.28,6.37,138.5
2016-10-14 15:00:00,610.25,63.33,30.45,48.58,110.04,6.93,198.5
2016-10-14 16:00:00,367.28,62.42,30.46,44.83,85.08,6.0,258.5
2016-10-14 17:00:00,81.13,61.92,30.46,35.08,61.85,4.03,318.5
2016-10-14 18:00:00,1.85,56.33,30.47,28.08,110.02,5.53,378.5
2016-10-14 19:00:00,1.24,53.58,30.48,25.5,148.85,5.16,438.5
2016-10-14 20:00:00,1.23,52.17,30.5,25.5,152.11,5.53,498.5
2016-10-14 21:00:00,1.22,51.0,30.51,25.33,151.4,6.28,558.5
2016-10-14 22:00:00,1.22,52.17,30.51,23.33,159.78,7.97,618.5
2016-10-14 23:00:00,1.23,52.17,30.5,23.08,162.65,7.22,678.5
2016-10-15 00:00:00,1.23,50.29,30.49,26.29,167.98,7.07,691.57
2016-10-15 01:00:00,1.21,49.5,30.48,27.25,172.98,6.28,640.5
2016-10-15 02:00:00,1.22,49.42,30.47,26.83,174.27,6.65,580.5
2016-10-15 03:00:00,1.23,50.0,30.46,25.27,184.52,9.1,519.82
2016-10-15 04:00:00,1.21,50.08,30.46,24.08,186.34,7.78,460.5
2016-10-15 05:00:00,1.21,49.83,30.47,23.67,177.89,7.68,400.5
2016-10-15 06:00:00,10.35,49.0,30.47,25.75,178.33,7.12,340.5
2016-10-15 07:00:00,204.79,54.92,30.49,20.08,154.66,5.34,280.5
2016-10-15 08:00:00,534.87,64.0,30.5,13.17,70.02,4.12,220.5
2016-10-15 09:00:00,745.66,65.08,30.52,15.5,44.09,5.53,160.5
2016-10-15 10:00:00,897.8,65.75,30.52,27.58,32.12,7.87,100.5
2016-10-15 11:00:00,988.19,66.36,30.51,34.64,82.15,7.97,39.36
2016-10-15 12:00:00,1002.59,68.67,30.5,32.25,72.2,7.97,21.33
2016-10-15 13:00:00,937.74,69.09,30.48,38.55,28.63,8.59,80.18
2016-10-15 14:00:00,803.43,68.42,30.48,31.5,130.55,5.34,139.5
2016-10-15 15:00:00,606.39,67.25,30.47,35.67,110.19,4.69,199.5
2016-10-15 16:00:00,362.4,65.75,30.47,38.5,66.58,4.5,259.5
2016-10-15 17:00:00,78.09,64.5,30.48,16.25,68.03,3.47,319.5
2016-10-15 18:00:00,1.79,59.58,30.49,16.58,131.97,2.34,379.5
2016-10-15 19:00:00,1.23,55.0,30.5,21.5,164.82,4.87,439.5
2016-10-15 20:00:00,1.23,53.82,30.52,21.91,156.22,5.32,497.45
2016-10-15 21:00:00,1.23,53.92,30.52,22.5,161.37,7.78,559.5
2016-10-15 22:00:00,1.23,54.0,30.52,23.42,159.94,7.97,619.5
2016-10-15 23:00:00,1.22,51.42,30.52,25.0,167.58,5.53,679.5
2016-10-16 00:00:00,1.22,50.56,30.51,24.33,166.63,6.12,696.33
2016-10-16 01:00:00,1.21,49.36,30.5,24.36,173.49,6.44,640.73
2016-10-16 02:00:00,1.22,49.08,30.49,24.67,168.34,6.47,580.5
2016-10-16 03:00:00,1.22,49.58,30.48,24.42,164.31,6.47,520.5
2016-10-16 04:00:00,1.22,50.0,30.49,23.33,168.33,6.28,460.5
2016-10-16 05:00:00,1.22,49.08,30.5,24.75,170.9,7.12,400.5
2016-10-16 06:00:00,25.27,50.17,30.51,24.08,169.07,7.78,340.5
2016-10-16 07:00:00,191.59,55.42,30.52,20.67,159.09,6.65,280.5
2016-10-16 08:00:00,398.72,62.27,30.54,14.91,117.58,5.21,220.27
2016-10-16 09:00:00,648.67,64.42,30.54,16.83,97.64,4.12,160.5
2016-10-16 10:00:00,798.56,66.42,30.54,16.08,58.54,5.62,100.5
2016-10-16 11:00:00,607.07,66.33,30.53,18.58,97.64,3.94,40.5
2016-10-16 12:00:00,688.52,66.33,30.52,18.67,67.69,4.4,20.5
2016-10-16 13:00:00,947.12,68.08,30.5,19.5,62.85,6.94,78.5
2016-10-16 14:00:00,415.63,65.5,30.49,22.58,104.57,6.56,138.5
2016-10-16 15:00:00,343.23,63.25,30.48,25.08,65.52,6.37,198.5
2016-10-16 16:00:00,210.9,62.42,30.48,26.08,98.72,4.68,258.5
2016-10-16 17:00:00,61.08,60.09,30.47,25.82,102.58,3.98,318.73
2016-10-16 18:00:00,1.37,57.08,30.48,31.0,133.19,7.31,378.5
2016-10-16 19:00:00,1.23,55.83,30.49,31.83,142.09,6.93,438.5
2016-10-16 20:00:00,1.22,55.0,30.5,34.92,148.47,6.47,498.5
2016-10-16 21:00:00,1.24,54.0,30.5,37.25,151.55,7.59,558.5
2016-10-16 22:00:00,1.23,53.17,30.5,38.75,159.02,7.96,618.5
2016-10-16 23:00:00,1.22,52.58,30.49,38.17,159.16,7.31,678.5
2016-10-17 00:00:00,1.22,51.12,30.48,37.5,151.84,6.46,695.5
2016-10-17 01:00:00,1.22,50.17,30.47,39.42,158.26,6.94,640.5
2016-10-17 02:00:00,1.21,48.42,30.46,38.5,161.49,6.93,580.5
2016-10-17 03:00:00,1.21,47.83,30.44,34.75,160.59,7.68,520.5
2016-10-17 04:00:00,1.19,47.58,30.45,35.0,172.15,6.47,460.5
2016-10-17 05:00:00,1.21,47.08,30.45,31.17,174.66,7.31,400.5
2016-10-17 06:00:00,9.97,48.25,30.45,27.42,171.64,8.25,340.5
2016-10-17 07:00:00,196.8,53.83,30.47,21.42,162.11,7.31,280.5
2016-10-17 08:00:00,525.5,61.25,30.48,15.5,113.32,6.84,220.5
2016-10-17 09:00:00,735.9,63.33,30.48,19.25,68.14,7.12,160.5
2016-10-17 10:00:00,887.59,64.0,30.48,33.0,70.22,8.15,100.5
2016-10-17 11:00:00,973.81,63.82,30.47,37.0,62.25,7.87,42.45
2016-10-17 12:00:00,986.09,63.83,30.45,42.0,99.47,8.34,21.42
2016-10-17 13:00:00,917.83,62.83,30.43,57.5,96.3,11.34,79.5
2016-10-17 14:00:00,785.55,63.92,30.42,47.75,89.08,7.03,139.5
2016-10-17 15:00:00,523.33,61.08,30.41,70.75,46.94,11.81,199.5
2016-10-17 16:00:00,348.84,59.67,30.41,77.67,83.01,8.44,259.5
2016-10-17 17:00:00,109.17,57.25,30.43,88.67,103.47,8.06,319.5
2016-10-17 18:00:00,1.52,54.33,30.44,98.0,61.72,6.47,379.5
2016-10-17 19:00:00,1.23,53.25,30.46,99.92,131.77,6.28,439.5
2016-10-17 20:00:00,1.24,53.17,30.47,100.08,113.28,5.53,499.5
2016-10-17 21:00:00,1.23,52.75,30.47,100.67,107.0,5.53,559.5
2016-10-17 22:00:00,1.23,52.33,30.47,99.33,140.81,6.09,619.5
2016-10-17 23:00:00,1.23,52.17,30.47,99.25,105.07,5.62,679.5
2016-10-18 00:00:00,1.22,51.75,30.45,100.58,73.53,4.68,699.5
2016-10-18 01:00:00,1.22,51.5,30.45,97.17,138.19,5.9,639.5
2016-10-18 02:00:00,1.22,50.67,30.44,94.5,136.39,5.06,579.5
2016-10-18 03:00:00,1.22,51.17,30.42,98.0,132.73,7.4,519.5
2016-10-18 04:00:00,1.24,51.75,30.42,99.92,134.48,6.56,459.5
2016-10-18 05:00:00,1.22,51.0,30.42,99.83,139.56,6.75,399.5
2016-10-18 06:00:00,11.9,50.75,30.43,93.17,131.12,6.56,339.5
2016-10-18 07:00:00,143.47,52.92,30.44,98.58,137.0,6.0,279.5
2016-10-18 08:00:00,394.02,55.42,30.45,98.67,90.74,6.37,219.5
2016-10-18 09:00:00,718.25,57.08,30.46,96.17,128.97,7.31,159.5
2016-10-18 10:00:00,813.85,58.75,30.46,94.42,108.75,8.72,99.5
2016-10-18 11:00:00,911.33,58.75,30.44,91.17,109.94,6.93,39.5
2016-10-18 12:00:00,924.38,59.33,30.42,93.58,122.59,8.44,21.17
2016-10-18 13:00:00,686.38,57.75,30.41,99.67,95.25,6.65,79.5
2016-10-18 14:00:00,324.79,55.58,30.4,100.67,77.13,7.59,139.5
2016-10-18 15:00:00,419.61,56.0,30.4,99.0,64.05,2.9,199.5
2016-10-18 16:00:00,306.7,57.67,30.4,88.83,84.93,3.56,259.5
2016-10-18 17:00:00,60.9,56.67,30.41,90.0,74.43,3.37,319.5
2016-10-18 18:00:00,1.69,53.0,30.43,94.0,103.73,4.69,379.5
2016-10-18 19:00:00,1.23,51.75,30.44,93.25,133.95,4.78,439.5
2016-10-18 20:00:00,1.23,51.17,30.45,92.08,134.88,4.5,499.5
2016-10-18 21:00:00,1.22,51.17,30.46,90.08,155.57,4.59,559.5
2016-10-18 22:00:00,1.21,50.67,30.46,89.83,162.75,5.53,619.5
2016-10-18 23:00:00,1.22,49.5,30.45,88.33,150.47,4.96,679.5
2016-10-19 00:00:00,1.22,49.5,30.44,88.67,149.39,4.78,699.5
2016-10-19 01:00:00,1.21,47.17,30.44,84.42,133.3,5.25,639.5
2016-10-19 02:00:00,1.22,46.33,30.43,72.5,140.16,6.28,579.5
2016-10-19 03:00:00,1.22,47.33,30.42,74.17,149.72,5.72,519.5
2016-10-19 04:00:00,1.21,47.0,30.43,88.0,144.99,7.87,459.5
2016-10-19 05:00:00,1.22,48.0,30.44,97.25,168.93,7.22,399.5
2016-10-19 06:00:00,12.81,49.0,30.44,100.0,161.12,6.56,339.5
2016-10-19 07:00:00,187.1,51.92,30.45,99.25,162.87,5.25,279.5
2016-10-19 08:00:00,411.48,55.75,30.47,94.25,122.42,5.06,219.5
2016-10-19 09:00:00,563.26,55.92,30.48,95.58,88.94,5.81,159.5
2016-10-19 10:00:00,696.62,58.17,30.47,93.75,115.76,6.18,99.5
2016-10-19 11:00:00,511.25,56.17,30.45,99.92,86.12,5.34,39.5
2016-10-19 12:00:00,841.4,57.0,30.43,97.5,87.53,7.12,21.17
2016-10-19 13:00:00,549.96,58.25,30.42,94.75,135.3,5.44,79.5
2016-10-19 14:00:00,394.49,56.83,30.41,99.5,56.74,7.4,139.5
2016-10-19 15:00:00,112.87,54.5,30.42,100.75,81.05,6.09,199.5
2016-10-19 16:00:00,67.47,53.75,30.42,101.08,51.71,4.87,259.5
2016-10-19 17:00:00,34.63,52.83,30.43,102.0,132.59,4.4,319.5
2016-10-19 18:00:00,1.4,52.0,30.45,102.0,112.17,5.15,379.5
2016-10-19 19:00:00,1.26,52.0,30.46,102.0,102.45,3.56,439.5
2016-10-19 20:00:00,1.25,51.83,30.48,102.0,74.73,3.47,499.5
2016-10-19 21:00:00,1.27,51.0,30.48,102.0,85.79,2.9,559.5
2016-10-19 22:00:00,1.26,51.0,30.48,102.0,125.76,3.47,619.5
2016-10-19 23:00:00,1.26,50.58,30.48,102.0,136.69,3.09,679.5
2016-10-20 00:00:00,1.26,50.0,30.46,102.0,128.09,3.65,699.5
2016-10-20 01:00:00,1.27,49.75,30.45,102.0,118.67,2.9,639.5
2016-10-20 02:00:00,1.28,48.67,30.43,102.0,134.12,2.72,579.5
2016-10-20 03:00:00,1.26,47.08,30.43,102.0,141.21,3.94,519.5
2016-10-20 04:00:00,1.24,47.33,30.44,102.0,129.66,2.53,459.5
2016-10-20 05:00:00,1.2,45.67,30.44,96.42,145.44,3.84,399.5
2016-10-20 06:00:00,9.41,44.0,30.45,86.33,159.45,4.59,339.5
2016-10-20 07:00:00,176.72,46.33,30.46,78.5,136.77,5.06,279.5
2016-10-20 08:00:00,506.38,51.58,30.47,63.5,80.84,4.31,219.5
2016-10-20 09:00:00,718.03,53.75,30.48,57.83,45.2,4.03,159.5
2016-10-20 10:00:00,872.57,54.83,30.48,55.33,79.21,5.9,99.5
2016-10-20 11:00:00,960.47,56.17,30.47,54.42,35.8,5.62,39.5
2016-10-20 12:00:00,969.67,56.42,30.45,61.5,57.64,5.53,21.17
2016-10-20 13:00:00,902.03,56.42,30.43,71.75,95.71,5.34,79.5
2016-10-20 14:00:00,769.77,56.0,30.43,76.5,49.29,6.84,139.5
2016-10-20 15:00:00,511.82,55.0,30.43,79.17,44.41,6.46,199.5
2016-10-20 16:00:00,343.12,53.5,30.42,82.33,64.2,6.37,259.5
2016-10-20 17:00:00,72.14,50.08,30.43,88.17,73.11,4.69,319.5
2016-10-20 18:00:00,1.47,46.33,30.44,93.25,113.75,5.25,379.5
2016-10-20 19:00:00,1.2,44.42,30.45,94.58,114.15,6.18,439.5
2016-10-20 20:00:00,1.21,44.75,30.45,94.5,143.25,7.59,499.5
2016-10-20 21:00:00,1.23,46.0,30.45,99.42,125.49,5.43,559.5
2016-10-20 22:00:00,1.21,45.25,30.45,97.17,139.02,6.37,619.5
2016-10-20 23:00:00,1.21,44.17,30.45,94.83,124.53,6.09,679.5
2016-10-21 00:00:00,1.2,45.0,30.44,98.08,129.06,6.0,699.5
2016-10-21 01:00:00,1.21,44.67,30.42,89.67,153.18,9.09,639.5
2016-10-21 02:00:00,1.22,46.5,30.41,98.42,152.77,6.18,579.5
2016-10-21 03:00:00,1.21,47.33,30.4,101.0,110.11,7.59,519.5
2016-10-21 04:00:00,1.2,45.75,30.4,99.83,128.42,8.06,459.5
2016-10-21 05:00:00,1.22,47.92,30.41,100.17,119.72,6.09,399.5
2016-10-21 06:00:00,7.67,48.08,30.42,101.0,137.78,4.12,339.5
2016-10-21 07:00:00,45.75,48.08,30.44,101.92,91.74,5.9,279.5
2016-10-21 08:00:00,135.14,47.92,30.45,102.0,124.31,7.59,219.5
2016-10-21 09:00:00,241.28,48.92,30.45,101.67,71.77,8.43,159.5
2016-10-21 10:00:00,290.8,47.33,30.46,101.83,105.0,6.84,99.5
2016-10-21 11:00:00,796.89,49.75,30.45,98.67,77.6,6.0,39.5
2016-10-21 12:00:00,899.19,51.75,30.43,91.58,115.22,5.25,22.0
2016-10-21 13:00:00,928.19,53.67,30.42,83.67,95.06,6.65,80.5
2016-10-21 14:00:00,499.55,52.25,30.4,92.42,80.61,8.25,140.5
2016-10-21 15:00:00,323.5,49.83,30.41,96.92,115.94,6.56,200.5
2016-10-21 16:00:00,366.67,50.83,30.41,90.42,88.24,6.84,260.5
2016-10-21 17:00:00,41.24,48.0,30.42,94.67,108.9,6.84,320.5
2016-10-21 18:00:00,1.43,46.17,30.42,93.67,138.92,5.06,380.5
2016-10-21 19:00:00,1.21,45.42,30.43,96.0,124.95,6.18,440.5
2016-10-21 20:00:00,1.21,45.08,30.44,94.58,146.5,6.09,500.5
2016-10-21 21:00:00,1.21,46.25,30.45,96.58,135.08,5.81,560.5
2016-10-21 22:00:00,1.22,47.58,30.45,100.67,136.43,4.5,620.5
2016-10-21 23:00:00,1.21,47.25,30.44,101.0,150.05,4.87,680.5
2016-10-22 00:00:00,1.21,47.82,30.44,101.0,98.22,3.07,697.45
2016-10-22 01:00:00,1.22,47.92,30.42,101.75,112.56,3.0,639.5
2016-10-22 02:00:00,1.22,48.0,30.41,102.0,103.71,2.53,579.5
2016-10-22 03:00:00,1.21,48.42,30.4,102.0,129.19,4.78,519.5
2016-10-22 04:00:00,1.23,49.0,30.4,102.0,96.79,4.03,459.5
2016-10-22 05:00:00,1.23,49.0,30.4,102.0,95.56,3.19,399.5
2016-10-22 06:00:00,12.23,48.0,30.41,102.0,79.79,3.56,339.5
2016-10-22 07:00:00,90.47,47.75,30.42,102.0,101.51,4.68,279.5
2016-10-22 08:00:00,286.1,48.0,30.42,102.0,86.37,6.0,219.5
2016-10-22 09:00:00,556.92,49.92,30.42,102.08,105.87,5.53,159.5
2016-10-22 10:00:00,862.24,53.67,30.42,82.08,134.98,4.4,99.5
2016-10-22 11:00:00,963.72,57.0,30.41,53.58,83.76,6.0,39.5
2016-10-22 12:00:00,977.8,56.58,30.4,62.17,120.25,6.56,22.0
2016-10-22 13:00:00,907.84,56.25,30.38,70.5,67.32,5.06,80.5
2016-10-22 14:00:00,778.43,54.92,30.37,79.75,82.98,6.0,140.5
2016-10-22 15:00:00,540.98,53.25,30.37,82.83,121.58,7.87,200.5
2016-10-22 16:00:00,305.58,51.5,30.38,86.0,100.79,6.09,260.5
2016-10-22 17:00:00,89.89,49.5,30.4,88.08,122.47,6.56,320.5
2016-10-22 18:00:00,1.27,47.0,30.4,95.75,142.8,7.22,380.5
2016-10-22 19:00:00,1.21,47.58,30.42,99.08,101.47,6.84,440.5
2016-10-22 20:00:00,1.21,48.0,30.42,100.75,131.46,8.62,500.5
2016-10-22 21:00:00,1.22,47.33,30.43,101.0,130.35,6.09,560.5
2016-10-22 22:00:00,1.2,46.67,30.43,101.0,106.76,6.65,620.5
2016-10-22 23:00:00,1.21,47.75,30.42,101.0,114.62,5.72,680.5
2016-10-23 00:00:00,1.21,47.36,30.41,101.0,124.64,3.99,697.45
2016-10-23 01:00:00,1.2,47.0,30.4,100.67,128.88,5.72,639.5
2016-10-23 02:00:00,1.22,47.0,30.38,101.0,125.02,4.87,579.5
2016-10-23 03:00:00,1.23,46.17,30.38,101.42,144.7,5.53,519.5
2016-10-23 04:00:00,1.21,46.83,30.37,102.0,134.63,8.25,459.5
2016-10-23 05:00:00,1.21,47.0,30.37,102.0,133.23,8.15,399.5
2016-10-23 06:00:00,9.44,46.25,30.38,100.33,139.13,7.31,339.5
2016-10-23 07:00:00,182.27,46.33,30.39,99.42,90.78,5.9,279.5
2016-10-23 08:00:00,401.56,48.08,30.4,99.83,92.73,6.09,219.5
2016-10-23 09:00:00,715.51,51.08,30.41,92.33,88.76,5.06,159.5
2016-10-23 10:00:00,866.41,53.75,30.42,84.33,63.64,6.37,99.5
2016-10-23 11:00:00,927.89,55.58,30.41,77.75,146.53,6.09,39.5
2016-10-23 12:00:00,962.38,56.83,30.4,70.83,62.85,6.0,22.0
2016-10-23 13:00:00,910.81,60.5,30.39,47.08,52.14,6.0,80.5
2016-10-23 14:00:00,769.64,58.33,30.38,73.25,131.91,5.81,140.5
2016-10-23 15:00:00,539.55,55.83,30.38,81.17,58.48,7.12,200.5
2016-10-23 16:00:00,281.69,55.58,30.39,66.75,109.96,4.68,260.5
2016-10-23 17:00:00,34.45,52.17,30.39,71.42,114.09,6.56,320.5
2016-10-23 18:00:00,1.3,50.25,30.4,59.83,115.2,6.84,380.5
2016-10-23 19:00:00,1.21,47.17,30.42,60.42,144.7,6.37,440.5
2016-10-23 20:00:00,1.22,47.83,30.44,40.08,152.31,8.72,500.5
2016-10-23 21:00:00,1.22,47.58,30.45,36.0,158.38,9.84,560.5
2016-10-23 22:00:00,1.2,46.67,30.45,38.58,166.99,8.53,620.5
2016-10-23 23:00:00,1.2,46.08,30.45,47.08,169.85,8.53,680.5
2016-10-24 00:00:00,1.21,46.0,30.44,53.82,172.64,7.67,697.45
2016-10-24 01:00:00,1.21,46.0,30.43,54.58,174.12,7.87,639.5
2016-10-24 02:00:00,1.22,46.42,30.41,54.25,162.99,8.62,579.5
2016-10-24 03:00:00,1.21,47.58,30.4,54.25,163.21,9.56,519.5
2016-10-24 04:00:00,1.21,47.42,30.4,57.75,157.51,8.53,459.5
2016-10-24 05:00:00,1.22,47.92,30.41,59.67,166.05,10.69,399.5
2016-10-24 06:00:00,14.28,48.08,30.43,59.58,164.98,10.59,339.5
2016-10-24 07:00:00,174.46,51.42,30.44,56.08,147.06,9.09,279.5
2016-10-24 08:00:00,482.6,58.5,30.45,43.83,127.07,6.28,219.5
2016-10-24 09:00:00,705.88,60.75,30.45,41.75,122.47,7.59,159.5
2016-10-24 10:00:00,852.49,60.75,30.45,47.75,148.82,8.9,99.5
2016-10-24 11:00:00,940.44,59.73,30.45,59.55,93.94,8.9,42.0
2016-10-24 12:00:00,939.99,58.33,30.44,77.17,67.26,9.37,22.0
2016-10-24 13:00:00,892.27,57.67,30.42,80.42,82.33,7.12,80.5
2016-10-24 14:00:00,757.02,56.67,30.42,78.58,58.61,9.28,140.5
2016-10-24 15:00:00,459.6,56.75,30.42,79.42,86.39,7.5,200.5
2016-10-24 16:00:00,189.3,54.33,30.42,93.5,169.35,5.62,260.5
2016-10-24 17:00:00,39.66,51.58,30.43,99.75,80.77,4.59,320.5
2016-10-24 18:00:00,1.4,50.42,30.43,100.83,111.47,4.59,380.5
2016-10-24 19:00:00,1.22,49.42,30.45,101.0,118.31,4.96,440.5
2016-10-24 20:00:00,1.21,48.25,30.46,92.92,137.71,6.75,500.5
2016-10-24 21:00:00,1.21,47.08,30.47,77.58,159.48,5.91,560.5
2016-10-24 22:00:00,1.2,46.5,30.46,73.5,150.61,5.44,620.5
2016-10-24 23:00:00,1.21,46.25,30.46,69.83,164.78,6.37,680.5
2016-10-25 00:00:00,1.21,45.91,30.45,68.91,169.5,6.65,696.45
2016-10-25 01:00:00,1.21,45.0,30.44,67.75,186.79,8.06,638.5
2016-10-25 02:00:00,1.21,46.33,30.43,60.17,187.34,10.31,578.5
2016-10-25 03:00:00,1.21,47.5,30.42,56.25,191.93,11.44,518.5
2016-10-25 04:00:00,1.22,47.58,30.43,55.5,194.38,8.15,458.5
2016-10-25 05:00:00,1.22,47.58,30.44,58.08,191.54,10.31,398.5
2016-10-25 06:00:00,13.59,48.25,30.45,55.92,192.31,7.68,338.5
2016-10-25 07:00:00,164.67,49.58,30.46,54.58,206.51,3.37,278.5
2016-10-25 08:00:00,484.48,57.83,30.48,43.0,177.7,1.12,218.5
2016-10-25 09:00:00,705.92,61.42,30.49,45.58,63.23,3.56,158.5
2016-10-25 10:00:00,865.04,64.25,30.49,39.0,262.77,4.78,98.5
2016-10-25 11:00:00,948.13,63.17,30.48,55.5,179.16,4.59,38.5
2016-10-25 12:00:00,955.8,64.0,30.46,60.83,130.53,5.16,21.83
2016-10-25 13:00:00,913.58,64.5,30.44,64.67,152.56,6.28,80.5
2016-10-25 14:00:00,648.92,63.83,30.43,70.08,256.12,7.78,140.5
2016-10-25 15:00:00,241.27,58.5,30.43,89.5,204.94,5.43,200.5
2016-10-25 16:00:00,301.98,58.92,30.42,86.5,205.61,3.65,260.5
2016-10-25 17:00:00,41.45,54.92,30.43,95.25,139.75,2.06,320.5
2016-10-25 18:00:00,1.67,53.17,30.43,95.58,234.65,1.22,380.5
2016-10-25 19:00:00,1.22,51.33,30.45,98.0,108.51,2.62,440.5
2016-10-25 20:00:00,1.22,50.0,30.46,88.5,154.83,2.9,500.5
2016-10-25 21:00:00,1.22,47.83,30.46,73.17,158.23,4.41,560.5
2016-10-25 22:00:00,1.22,47.58,30.46,50.58,153.46,4.4,620.5
2016-10-25 23:00:00,1.22,46.58,30.45,44.42,166.79,6.56,680.5
2016-10-26 00:00:00,1.2,46.64,30.45,49.09,152.94,6.24,696.45
2016-10-26 01:00:00,1.21,45.83,30.43,53.92,154.72,5.53,638.5
2016-10-26 02:00:00,1.21,44.83,30.41,46.67,163.83,5.9,578.5
2016-10-26 03:00:00,1.21,44.83,30.4,38.58,176.55,7.4,518.5
2016-10-26 04:00:00,1.22,44.42,30.4,34.17,176.08,6.47,458.5
2016-10-26 05:00:00,1.21,45.0,30.4,31.25,168.74,6.56,398.5
2016-10-26 06:00:00,9.15,46.33,30.41,28.92,176.05,7.03,338.5
2016-10-26 07:00:00,166.06,51.25,30.43,23.25,165.61,7.12,278.5
2016-10-26 08:00:00,507.03,61.0,30.44,19.08,125.44,4.87,218.5
2016-10-26 09:00:00,715.23,62.75,30.45,21.75,55.98,4.87,158.5
2016-10-26 10:00:00,866.35,63.33,30.45,38.75,139.01,6.0,98.5
2016-10-26 11:00:00,950.57,61.58,30.43,50.33,91.31,6.18,38.5
2016-10-26 12:00:00,963.14,60.58,30.42,52.17,81.29,5.34,21.83
2016-10-26 13:00:00,895.57,59.58,30.4,57.17,29.78,8.15,80.5
2016-10-26 14:00:00,759.11,58.67,30.39,67.83,114.21,5.9,140.5
2016-10-26 15:00:00,564.48,58.42,30.39,73.83,58.43,6.0,200.5
2016-10-26 16:00:00,320.07,56.58,30.39,75.17,67.77,4.97,260.5
2016-10-26 17:00:00,52.55,53.0,30.39,77.08,91.2,4.22,320.5
2016-10-26 18:00:00,1.25,49.0,30.41,87.17,116.89,5.62,380.5
2016-10-26 19:00:00,1.22,48.0,30.42,94.58,129.15,7.78,440.5
2016-10-26 20:00:00,1.23,49.17,30.44,99.0,138.22,7.87,500.5
2016-10-26 21:00:00,1.22,47.58,30.44,95.75,127.67,7.12,560.5
2016-10-26 22:00:00,1.21,47.83,30.44,96.75,144.75,7.78,620.5
2016-10-26 23:00:00,1.21,47.33,30.43,81.42,144.67,6.0,680.5
2016-10-27 00:00:00,1.21,45.73,30.42,59.64,150.5,5.83,696.45
2016-10-27 01:00:00,1.21,44.58,30.41,58.25,159.3,6.84,638.5
2016-10-27 02:00:00,1.21,45.17,30.39,38.5,175.64,8.44,578.5
2016-10-27 03:00:00,1.2,46.0,30.38,33.33,174.16,8.53,518.5
2016-10-27 04:00:00,1.21,45.42,30.38,32.67,176.22,7.5,458.5
2016-10-27 05:00:00,1.21,45.17,30.38,48.33,145.3,6.56,398.5
2016-10-27 06:00:00,15.45,44.25,30.4,77.17,153.01,7.87,338.5
2016-10-27 07:00:00,164.18,47.83,30.41,92.17,134.99,6.56,278.5
2016-10-27 08:00:00,485.89,57.5,30.42,62.67,117.65,4.59,218.5
2016-10-27 09:00:00,695.83,61.92,30.44,50.83,47.18,4.03,158.5
2016-10-27 10:00:00,853.76,60.25,30.44,60.75,88.89,6.09,98.5
2016-10-27 11:00:00,919.5,63.25,30.43,40.42,117.36,5.72,38.5
2016-10-27 12:00:00,905.97,63.25,30.41,39.33,132.07,4.59,21.83
2016-10-27 13:00:00,824.66,61.42,30.39,57.92,64.96,6.65,80.5
2016-10-27 14:00:00,716.07,58.25,30.38,72.42,86.77,7.59,140.5
2016-10-27 15:00:00,429.48,54.58,30.37,88.17,48.2,6.18,200.5
2016-10-27 16:00:00,251.56,53.08,30.38,93.58,64.41,4.87,260.5
2016-10-27 17:00:00,57.75,50.5,30.39,97.58,76.24,4.69,320.5
2016-10-27 18:00:00,1.24,48.5,30.39,97.25,120.91,4.78,380.5
2016-10-27 19:00:00,1.21,48.25,30.41,89.33,131.66,4.59,440.5
2016-10-27 20:00:00,1.21,45.67,30.43,96.83,134.12,6.28,500.5
2016-10-27 21:00:00,1.2,45.92,30.43,87.75,132.49,5.34,560.5
2016-10-27 22:00:00,1.21,45.5,30.43,91.08,130.78,6.65,620.5
2016-10-27 23:00:00,1.21,45.92,30.42,98.67,137.98,7.4,680.5
2016-10-28 00:00:00,1.22,45.83,30.42,100.0,155.13,6.84,698.5
2016-10-28 01:00:00,1.21,47.0,30.4,100.0,149.77,6.0,638.5
2016-10-28 02:00:00,1.22,47.0,30.39,100.67,148.35,4.87,578.5
2016-10-28 03:00:00,1.21,47.0,30.39,100.83,113.09,4.59,518.5
2016-10-28 04:00:00,1.21,47.0,30.38,101.17,105.79,4.31,458.5
2016-10-28 05:00:00,1.21,46.08,30.37,101.83,126.05,4.22,398.5
2016-10-28 06:00:00,11.31,46.0,30.39,102.0,111.21,3.47,338.5
2016-10-28 07:00:00,111.65,47.25,30.4,102.0,142.52,5.34,278.5
2016-10-28 08:00:00,288.7,49.67,30.41,101.5,90.45,6.19,218.5
2016-10-28 09:00:00,398.67,49.5,30.43,101.08,111.44,5.25,158.5
2016-10-28 10:00:00,504.18,50.08,30.43,101.58,81.72,4.69,98.5
2016-10-28 11:00:00,499.06,50.5,30.42,100.5,98.23,4.68,38.5
2016-10-28 12:00:00,600.26,49.83,30.4,101.0,77.38,4.5,21.83
2016-10-28 13:00:00,713.52,50.33,30.39,100.08,56.14,4.78,80.5
2016-10-28 14:00:00,492.56,50.5,30.37,98.67,87.9,4.31,140.5
2016-10-28 15:00:00,268.13,48.5,30.38,100.83,96.27,3.75,200.5
2016-10-28 16:00:00,207.01,48.33,30.38,100.42,97.62,4.4,260.5
2016-10-28 17:00:00,41.66,46.5,30.39,100.25,99.04,3.84,320.5
2016-10-28 18:00:00,1.33,45.25,30.4,100.42,87.82,4.87,380.5
2016-10-28 19:00:00,1.2,43.75,30.41,98.42,124.74,5.53,440.5
2016-10-28 20:00:00,1.2,43.17,30.43,75.83,134.59,6.56,500.5
2016-10-28 21:00:00,1.2,42.58,30.43,67.08,128.05,6.37,560.5
2016-10-28 22:00:00,1.2,42.67,30.43,78.92,154.26,5.62,620.5
2016-10-28 23:00:00,1.2,43.92,30.42,92.25,153.15,8.15,680.5
2016-10-29 00:00:00,1.2,44.08,30.41,97.25,154.36,5.62,698.5
2016-10-29 01:00:00,1.2,43.67,30.39,94.42,133.08,7.4,638.5
2016-10-29 02:00:00,1.21,43.0,30.39,98.92,129.42,7.5,578.5
2016-10-29 03:00:00,1.2,44.17,30.38,98.92,135.85,7.78,518.5
2016-10-29 04:00:00,1.21,45.17,30.38,101.0,147.34,7.12,458.5
2016-10-29 05:00:00,1.21,46.67,30.39,101.92,145.22,6.93,398.5
2016-10-29 06:00:00,16.36,47.0,30.4,102.0,132.19,8.25,338.5
2016-10-29 07:00:00,81.81,47.92,30.41,102.0,123.04,4.22,278.5
2016-10-29 08:00:00,197.56,49.0,30.43,102.0,79.55,3.75,218.5
2016-10-29 09:00:00,402.57,49.83,30.44,102.0,85.54,6.18,158.5
2016-10-29 10:00:00,425.83,51.25,30.44,102.0,69.14,5.91,98.5
2016-10-29 11:00:00,531.22,51.33,30.42,101.83,81.15,6.37,38.5
2016-10-29 12:00:00,375.52,50.83,30.41,101.83,94.21,5.81,21.83
2016-10-29 13:00:00,388.64,50.75,30.4,102.0,58.78,4.41,80.5
2016-10-29 14:00:00,412.06,51.08,30.39,102.0,71.46,5.53,140.5
2016-10-29 15:00:00,251.47,50.33,30.39,102.0,114.57,6.56,200.5
2016-10-29 16:00:00,110.71,49.0,30.4,102.0,79.36,5.9,260.5
2016-10-29 17:00:00,43.57,48.0,30.42,102.0,113.25,6.37,320.5
2016-10-29 18:00:00,1.22,48.08,30.43,102.0,127.39,6.37,380.5
2016-10-29 19:00:00,1.22,48.0,30.44,102.0,100.58,5.53,440.5
2016-10-29 20:00:00,1.22,48.0,30.45,102.0,118.95,7.03,500.5
2016-10-29 21:00:00,1.22,47.33,30.46,102.0,131.61,5.34,560.5
2016-10-29 22:00:00,1.22,47.5,30.45,102.0,130.76,5.34,620.5
2016-10-29 23:00:00,1.21,47.5,30.45,102.0,121.77,5.53,680.5
2016-10-30 00:00:00,1.22,46.45,30.44,102.0,149.49,6.24,696.45
2016-10-30 01:00:00,1.22,47.17,30.42,102.0,145.25,5.62,638.5
2016-10-30 02:00:00,1.22,48.0,30.42,102.0,124.48,6.75,578.5
2016-10-30 03:00:00,1.22,48.0,30.4,102.0,125.54,5.72,518.5
2016-10-30 04:00:00,1.22,48.0,30.4,102.0,115.76,3.75,458.5
2016-10-30 05:00:00,1.22,47.67,30.41,102.0,117.86,6.56,398.5
2016-10-30 06:00:00,6.49,48.0,30.43,102.0,135.93,6.47,338.5
2016-10-30 07:00:00,69.06,47.92,30.45,102.0,122.03,5.9,278.5
2016-10-30 08:00:00,150.67,48.83,30.46,102.67,81.76,4.5,218.5
2016-10-30 09:00:00,286.19,49.58,30.47,102.17,116.14,6.56,158.5
2016-10-30 10:00:00,492.43,49.08,30.47,102.0,94.46,7.78,98.5
2016-10-30 11:00:00,689.83,51.58,30.46,97.33,101.83,7.87,38.5
2016-10-30 12:00:00,773.28,53.42,30.45,94.33,88.71,6.93,22.67
2016-10-30 13:00:00,438.25,53.83,30.44,96.42,67.8,6.28,81.5
2016-10-30 14:00:00,320.53,51.42,30.43,101.08,72.18,8.44,141.5
2016-10-30 15:00:00,231.88,50.92,30.43,101.92,94.08,7.31,201.5
2016-10-30 16:00:00,119.4,49.08,30.44,102.0,75.71,6.09,261.5
2016-10-30 17:00:00,16.18,48.0,30.45,102.0,119.04,4.5,321.5
2016-10-30 18:00:00,1.23,48.0,30.46,102.0,109.42,4.78,381.5
2016-10-30 19:00:00,1.22,47.67,30.48,102.0,80.47,4.59,441.5
2016-10-30 20:00:00,1.22,44.83,30.5,102.0,123.12,8.15,501.5
2016-10-30 21:00:00,1.21,44.33,30.5,100.33,143.96,10.87,561.5
2016-10-30 22:00:00,1.21,46.17,30.5,101.0,144.69,7.96,621.5
2016-10-30 23:00:00,1.22,46.67,30.5,101.5,145.18,6.28,681.5
2016-10-31 00:00:00,1.22,46.0,30.49,100.73,131.95,9.2,696.45
2016-10-31 01:00:00,1.23,47.0,30.48,100.92,150.62,7.78,638.5
2016-10-31 02:00:00,1.22,46.75,30.47,97.92,148.67,7.4,578.5
2016-10-31 03:00:00,1.24,46.75,30.46,98.75,149.05,7.97,518.5
2016-10-31 04:00:00,1.22,46.5,30.46,98.5,144.37,8.43,458.5
2016-10-31 05:00:00,1.22,46.42,30.46,91.0,159.25,9.19,398.5
2016-10-31 06:00:00,14.39,48.42,30.47,99.67,141.84,9.09,338.5
2016-10-31 07:00:00,107.58,49.5,30.49,100.92,160.2,6.28,278.5
2016-10-31 08:00:00,298.17,50.42,30.5,100.92,116.11,7.12,218.5
2016-10-31 09:00:00,635.3,53.08,30.51,94.0,78.76,6.18,158.5
2016-10-31 10:00:00,751.2,53.83,30.5,90.75,76.99,6.84,98.5
2016-10-31 11:00:00,701.7,53.42,30.48,92.42,60.69,6.28,38.5
2016-10-31 12:00:00,449.98,52.5,30.47,91.0,76.89,8.44,22.67
2016-10-31 13:00:00,587.73,52.83,30.44,88.92,68.08,8.25,81.5
2016-10-31 14:00:00,439.77,52.17,30.43,94.58,109.95,7.21,141.5
2016-10-31 15:00:00,484.58,53.33,30.43,82.17,101.46,4.87,201.5
2016-10-31 16:00:00,154.9,49.25,30.44,93.25,69.77,4.87,261.5
2016-10-31 17:00:00,23.61,47.0,30.45,97.75,84.64,5.06,321.5
2016-10-31 18:00:00,1.26,46.67,30.46,86.75,120.43,7.59,381.5
2016-10-31 19:00:00,1.23,46.17,30.47,91.33,144.4,6.0,441.5
2016-10-31 20:00:00,1.27,46.67,30.48,78.92,111.24,4.12,501.5
2016-10-31 21:00:00,1.27,45.33,30.49,91.75,134.27,5.62,561.5
2016-10-31 22:00:00,1.23,45.42,30.49,89.83,146.25,7.97,621.5
2016-10-31 23:00:00,1.26,46.83,30.48,63.33,143.29,5.71,681.5
2016-11-01 00:00:00,1.27,46.55,30.47,55.18,157.07,5.62,696.45
2016-11-01 01:00:00,1.26,46.42,30.46,54.5,138.22,5.62,638.5
2016-11-01 02:00:00,1.25,44.33,30.45,71.08,153.54,6.18,578.5
2016-11-01 03:00:00,1.25,44.42,30.45,90.5,153.15,6.93,518.5
2016-11-01 04:00:00,1.26,45.33,30.45,71.33,163.98,6.28,458.5
2016-11-01 05:00:00,1.25,44.5,30.45,62.92,165.07,6.0,398.5
2016-11-01 06:00:00,8.25,44.92,30.46,59.5,165.17,7.5,338.5
2016-11-01 07:00:00,83.02,45.67,30.48,57.33,168.3,6.93,278.5
2016-11-01 08:00:00,391.82,50.75,30.49,45.58,147.23,5.15,218.5
2016-11-01 09:00:00,444.66,56.83,30.5,33.42,82.32,4.87,158.5
2016-11-01 10:00:00,671.71,58.0,30.5,33.92,99.75,6.0,98.5
2016-11-01 11:00:00,633.29,57.5,30.48,41.83,65.72,4.5,38.5
2016-11-01 12:00:00,766.86,58.0,30.47,43.33,84.49,4.78,22.67
2016-11-01 13:00:00,484.17,58.25,30.45,39.5,90.86,6.84,81.5
2016-11-01 14:00:00,574.01,57.42,30.44,41.08,90.64,6.84,141.5
2016-11-01 15:00:00,548.86,57.58,30.44,42.67,68.51,5.15,201.5
2016-11-01 16:00:00,188.12,55.08,30.44,56.67,75.74,4.22,261.5
2016-11-01 17:00:00,63.63,53.5,30.45,41.33,128.58,3.75,321.5
2016-11-01 18:00:00,1.3,49.83,30.46,41.25,151.06,6.18,381.5
2016-11-01 19:00:00,1.24,47.33,30.47,45.17,154.52,5.53,441.5
2016-11-01 20:00:00,1.24,45.08,30.48,48.83,155.14,7.59,501.5
2016-11-01 21:00:00,1.24,44.33,30.49,53.42,158.17,6.65,561.5
2016-11-01 22:00:00,1.24,44.0,30.49,48.58,175.91,8.25,621.5
2016-11-01 23:00:00,1.24,44.5,30.49,42.5,169.74,7.03,681.5
2016-11-02 00:00:00,1.24,43.45,30.47,42.64,168.88,7.67,696.45
2016-11-02 01:00:00,1.23,43.0,30.46,42.42,173.63,8.06,638.5
2016-11-02 02:00:00,1.23,42.58,30.44,41.75,167.18,8.15,578.5
2016-11-02 03:00:00,1.23,41.83,30.44,51.83,159.86,8.44,518.5
2016-11-02 04:00:00,1.23,41.0,30.44,95.5,154.95,9.0,458.5
2016-11-02 05:00:00,1.23,41.25,30.43,60.75,172.56,8.44,398.5
2016-11-02 06:00:00,8.3,42.42,30.45,44.58,171.2,8.44,338.5
2016-11-02 07:00:00,133.61,45.33,30.46,39.08,164.61,6.47,278.5
2016-11-02 08:00:00,494.98,57.75,30.47,22.0,147.54,5.34,218.5
2016-11-02 09:00:00,702.96,62.67,30.48,14.17,89.29,4.78,158.5
2016-11-02 10:00:00,855.16,62.83,30.48,15.92,56.64,5.72,98.5
2016-11-02 11:00:00,941.45,63.17,30.46,18.92,60.59,4.97,38.5
2016-11-02 12:00:00,951.95,62.83,30.44,21.67,74.35,5.72,22.67
2016-11-02 13:00:00,886.12,63.0,30.42,23.58,66.47,6.84,81.5
2016-11-02 14:00:00,748.68,62.17,30.42,23.67,120.98,5.91,141.5
2016-11-02 15:00:00,549.85,61.08,30.42,21.17,62.1,5.81,201.5
2016-11-02 16:00:00,299.64,60.0,30.42,26.25,88.29,5.81,261.5
2016-11-02 17:00:00,43.22,56.33,30.43,23.58,105.19,5.81,321.5
2016-11-02 18:00:00,1.25,51.42,30.44,27.67,142.78,6.56,381.5
2016-11-02 19:00:00,1.22,49.08,30.45,29.67,154.04,6.94,441.5
2016-11-02 20:00:00,1.22,47.58,30.46,33.67,173.75,7.68,501.5
2016-11-02 21:00:00,1.22,46.83,30.46,36.17,167.03,6.75,561.5
2016-11-02 22:00:00,1.21,46.0,30.46,37.33,173.01,7.4,621.5
2016-11-02 23:00:00,1.2,46.0,30.46,36.33,169.44,6.56,681.5
2016-11-03 00:00:00,1.21,46.0,30.45,36.09,169.35,7.16,696.45
2016-11-03 01:00:00,1.2,45.0,30.44,37.92,176.89,6.84,638.5
2016-11-03 02:00:00,1.19,44.08,30.43,37.5,172.05,7.22,578.5
2016-11-03 03:00:00,1.2,44.17,30.42,37.42,167.73,7.5,518.5
2016-11-03 04:00:00,1.2,45.17,30.41,37.42,174.96,7.78,458.5
2016-11-03 05:00:00,1.2,45.5,30.42,36.83,176.07,7.5,398.5
2016-11-03 06:00:00,8.13,46.67,30.43,37.42,172.57,8.81,338.5
2016-11-03 07:00:00,124.44,51.42,30.44,33.33,168.27,7.12,278.5
2016-11-03 08:00:00,483.0,61.25,30.45,22.58,126.73,4.97,218.5
2016-11-03 09:00:00,687.8,62.83,30.46,26.33,91.4,7.12,158.5
2016-11-03 10:00:00,839.73,64.0,30.46,28.25,109.1,6.18,98.5
2016-11-03 11:00:00,925.43,64.83,30.45,32.67,74.69,5.43,38.5
2016-11-03 12:00:00,935.39,64.33,30.43,38.08,48.07,8.81,22.67
2016-11-03 13:00:00,870.56,63.42,30.41,41.5,62.22,6.56,81.5
2016-11-03 14:00:00,736.25,62.58,30.41,42.25,114.4,6.84,141.5
2016-11-03 15:00:00,540.93,61.75,30.41,45.33,81.29,4.59,201.5
2016-11-03 16:00:00,293.63,62.5,30.41,39.83,85.28,4.69,261.67
2016-11-03 17:00:00,41.65,58.42,30.42,45.67,66.42,3.84,321.5
2016-11-03 18:00:00,1.26,53.92,30.43,35.75,138.7,3.18,381.5
2016-11-03 19:00:00,1.23,51.75,30.44,34.0,147.95,4.4,441.5
2016-11-03 20:00:00,1.23,49.83,30.45,37.17,129.93,5.43,501.5
2016-11-03 21:00:00,1.21,49.42,30.46,36.25,154.22,5.25,561.5
2016-11-03 22:00:00,1.22,48.0,30.46,37.25,159.51,3.19,621.5
2016-11-03 23:00:00,1.2,45.5,30.46,37.33,176.99,6.0,681.5
2016-11-04 00:00:00,1.21,45.09,30.45,48.82,144.15,5.21,696.45
2016-11-04 01:00:00,1.21,43.33,30.44,61.83,154.76,5.62,638.5
2016-11-04 02:00:00,1.21,43.67,30.44,47.58,183.29,7.78,578.5
2016-11-04 03:00:00,1.21,43.75,30.43,40.5,173.51,6.65,518.5
2016-11-04 04:00:00,1.2,44.33,30.43,31.83,182.75,8.06,458.5
2016-11-04 05:00:00,1.21,45.58,30.43,35.5,177.69,7.03,398.5
2016-11-04 06:00:00,8.02,46.75,30.44,35.83,164.78,7.22,338.5
2016-11-04 07:00:00,120.39,50.75,30.45,29.17,151.82,4.5,278.5
2016-11-04 08:00:00,480.53,59.08,30.47,25.67,110.42,4.59,218.5
2016-11-04 09:00:00,685.96,62.17,30.47,26.75,96.75,4.87,158.5
2016-11-04 10:00:00,836.97,63.92,30.47,31.33,129.12,5.81,98.5
2016-11-04 11:00:00,922.41,64.42,30.46,32.42,170.76,5.34,38.5
2016-11-04 12:00:00,934.69,64.08,30.45,39.08,105.42,8.34,22.67
2016-11-04 13:00:00,870.4,64.25,30.43,38.5,82.36,6.09,81.5
2016-11-04 14:00:00,735.91,64.42,30.42,41.17,37.91,6.0,141.5
2016-11-04 15:00:00,541.64,60.92,30.42,60.33,57.04,6.93,201.5
2016-11-04 16:00:00,293.94,61.0,30.42,56.58,72.36,6.28,261.5
2016-11-04 17:00:00,41.08,58.5,30.44,40.58,145.43,7.78,321.5
2016-11-04 18:00:00,1.25,54.17,30.45,36.75,145.6,5.25,381.5
2016-11-04 19:00:00,1.21,51.58,30.47,37.75,134.21,4.12,441.5
2016-11-04 20:00:00,1.22,49.67,30.49,35.75,146.12,4.5,501.5
2016-11-04 21:00:00,1.22,49.0,30.5,34.92,158.18,7.4,561.5
2016-11-04 22:00:00,1.22,48.08,30.5,38.5,157.87,8.81,621.5
2016-11-04 23:00:00,1.21,47.5,30.5,34.67,158.76,7.97,681.5
2016-11-05 00:00:00,1.22,47.0,30.48,32.64,161.7,8.59,696.45
2016-11-05 01:00:00,1.21,47.42,30.47,32.5,157.28,9.47,638.5
2016-11-05 02:00:00,1.21,47.0,30.45,33.67,156.31,10.5,578.5
2016-11-05 03:00:00,1.22,47.17,30.45,34.0,158.98,11.34,518.5
2016-11-05 04:00:00,1.2,46.92,30.46,36.83,163.89,10.78,458.5
2016-11-05 05:00:00,1.23,46.92,30.47,35.67,158.59,7.12,398.5
2016-11-05 06:00:00,7.92,46.83,30.48,35.75,165.04,9.09,338.5
2016-11-05 07:00:00,119.88,49.67,30.49,32.25,153.09,7.31,278.5
2016-11-05 08:00:00,479.9,58.5,30.5,23.0,108.19,4.5,218.5
2016-11-05 09:00:00,684.25,59.92,30.51,31.67,37.12,6.47,158.5
2016-11-05 10:00:00,835.66,62.0,30.5,27.58,32.88,8.25,98.5
2016-11-05 11:00:00,921.0,63.58,30.49,25.0,38.06,8.81,38.5
2016-11-05 12:00:00,934.41,64.83,30.47,25.42,36.48,8.25,22.67
2016-11-05 13:00:00,865.62,63.58,30.45,31.42,66.31,9.0,81.5
2016-11-05 14:00:00,732.17,65.17,30.44,28.42,99.74,7.03,141.5
2016-11-05 15:00:00,537.13,62.58,30.43,50.75,103.03,9.19,201.5
2016-11-05 16:00:00,291.81,60.17,30.44,38.08,75.44,7.78,261.5
2016-11-05 17:00:00,40.15,57.0,30.45,31.75,130.23,5.34,321.5
2016-11-05 18:00:00,1.27,53.67,30.46,26.17,149.62,8.62,381.5
2016-11-05 19:00:00,1.23,52.5,30.48,27.5,160.01,7.97,441.5
2016-11-05 20:00:00,1.24,51.08,30.5,28.92,163.48,8.15,501.5
2016-11-05 21:00:00,1.22,49.83,30.5,30.25,170.09,8.53,561.5
2016-11-05 22:00:00,1.22,48.83,30.5,29.58,184.21,7.59,621.5
2016-11-05 23:00:00,1.22,48.0,30.5,26.92,182.62,8.25,681.5
2016-11-06 00:00:00,1.22,47.58,30.49,27.0,178.79,7.97,698.5
2016-11-06 01:00:00,1.22,47.33,30.48,26.5,176.05,7.59,638.5
2016-11-06 02:00:00,1.21,46.25,30.46,27.08,173.75,6.47,578.5
2016-11-06 03:00:00,1.22,46.08,30.45,26.5,174.62,6.84,518.5
2016-11-06 04:00:00,1.2,45.42,30.45,27.17,184.63,7.22,458.5
2016-11-06 05:00:00,1.22,46.5,30.45,27.92,182.06,10.97,398.5
2016-11-06 06:00:00,7.64,47.25,30.46,27.25,182.24,9.75,338.5
2016-11-06 07:00:00,119.61,50.67,30.47,25.08,149.76,5.62,278.5
2016-11-06 08:00:00,482.87,60.0,30.48,17.92,63.73,5.34,218.5
2016-11-06 09:00:00,688.47,62.92,30.5,18.08,9.63,5.34,158.5
2016-11-06 10:00:00,838.11,64.67,30.5,20.42,64.1,6.84,98.5
2016-11-06 11:00:00,921.61,65.08,30.49,24.92,57.3,5.43,38.5
2016-11-06 12:00:00,931.55,66.67,30.47,27.08,113.54,7.03,22.67
2016-11-06 13:00:00,845.37,66.0,30.45,45.08,180.91,7.03,81.5
2016-11-06 14:00:00,695.78,64.67,30.44,57.67,95.83,5.62,141.5
2016-11-06 15:00:00,398.08,63.83,30.44,64.83,57.78,5.25,201.5
2016-11-06 16:00:00,78.63,60.33,30.44,71.75,148.49,5.72,261.5
2016-11-06 17:00:00,23.2,58.0,30.45,77.42,309.01,5.72,321.5
2016-11-06 18:00:00,1.35,55.83,30.46,76.67,286.3,8.25,381.5
2016-11-06 19:00:00,1.26,55.17,30.47,44.25,229.62,7.5,441.5
2016-11-06 20:00:00,1.26,54.17,30.48,26.75,227.51,7.12,501.5
2016-11-06 21:00:00,1.25,53.33,30.48,24.5,215.64,7.59,561.5
2016-11-06 22:00:00,1.24,52.0,30.48,24.42,211.6,7.97,621.5
2016-11-06 23:00:00,1.24,50.5,30.47,26.75,227.28,4.78,681.5
2016-11-07 00:00:00,1.23,49.0,30.46,28.0,209.64,5.06,698.5
2016-11-07 01:00:00,1.24,48.0,30.44,30.83,194.0,10.4,638.5
2016-11-07 02:00:00,1.23,47.5,30.43,28.25,212.75,7.97,578.5
2016-11-07 03:00:00,1.23,47.92,30.42,26.58,209.39,9.19,518.5
2016-11-07 04:00:00,1.23,47.83,30.43,24.33,216.37,8.72,458.5
2016-11-07 05:00:00,1.22,47.58,30.43,24.17,214.81,9.37,398.5
2016-11-07 06:00:00,11.6,46.83,30.45,24.17,212.1,8.06,338.5
2016-11-07 07:00:00,119.45,48.42,30.45,21.25,219.71,7.22,278.5
2016-11-07 08:00:00,472.38,59.25,30.46,14.08,257.24,7.69,218.5
2016-11-07 09:00:00,675.86,61.83,30.47,13.0,317.54,6.93,158.5
2016-11-07 10:00:00,832.84,63.25,30.47,14.0,320.19,6.19,98.5
2016-11-07 11:00:00,914.49,64.08,30.46,20.08,342.59,6.18,38.5
2016-11-07 12:00:00,922.42,63.5,30.44,35.0,236.12,5.9,21.83
2016-11-07 13:00:00,750.55,63.25,30.42,41.92,115.58,8.34,80.5
2016-11-07 14:00:00,701.61,61.83,30.41,46.17,237.46,6.65,140.5
2016-11-07 15:00:00,486.01,61.58,30.41,54.42,80.98,4.4,200.5
2016-11-07 16:00:00,240.86,59.67,30.41,59.42,49.72,3.84,260.5
2016-11-07 17:00:00,30.2,54.33,30.41,79.25,42.91,3.0,320.5
2016-11-07 18:00:00,1.23,51.0,30.42,87.08,46.05,0.75,380.5
2016-11-07 19:00:00,1.23,48.75,30.42,74.67,160.89,2.81,440.5
2016-11-07 20:00:00,1.22,47.5,30.45,54.08,134.12,4.87,500.5
2016-11-07 21:00:00,1.22,45.83,30.45,54.0,173.49,5.06,560.5
2016-11-07 22:00:00,1.22,46.08,30.45,51.5,159.26,4.96,620.5
2016-11-07 23:00:00,1.22,46.0,30.45,45.08,161.65,3.18,680.5
2016-11-08 00:00:00,1.21,44.83,30.43,43.58,175.21,6.19,698.5
2016-11-08 01:00:00,1.22,45.0,30.42,40.25,175.79,4.69,638.5
2016-11-08 02:00:00,1.22,45.0,30.4,46.67,161.06,5.15,578.5
2016-11-08 03:00:00,1.21,44.25,30.39,47.33,161.33,5.43,518.5
2016-11-08 04:00:00,1.21,44.0,30.39,42.25,177.22,4.87,458.5
2016-11-08 05:00:00,1.21,43.83,30.4,43.42,179.05,7.4,398.5
2016-11-08 06:00:00,10.16,44.42,30.41,39.17,180.43,6.19,338.5
2016-11-08 07:00:00,110.5,47.08,30.43,34.5,176.51,2.72,278.5
2016-11-08 08:00:00,450.3,55.83,30.44,38.5,148.78,1.59,218.5
2016-11-08 09:00:00,652.04,57.25,30.45,60.33,100.03,3.65,158.5
2016-11-08 10:00:00,781.86,59.0,30.44,57.58,82.02,4.22,98.5
2016-11-08 11:00:00,873.93,61.08,30.43,58.25,284.11,5.15,38.5
2016-11-08 12:00:00,595.13,61.42,30.41,67.58,155.36,6.18,22.67
2016-11-08 13:00:00,401.91,58.58,30.4,83.08,54.35,5.53,81.5
2016-11-08 14:00:00,187.02,57.0,30.39,86.42,60.3,3.84,141.5
2016-11-08 15:00:00,97.83,55.58,30.39,90.58,49.86,4.87,201.5
2016-11-08 16:00:00,35.05,53.67,30.4,97.33,34.92,3.19,261.5
2016-11-08 17:00:00,20.12,52.83,30.41,98.83,18.91,0.84,321.5
2016-11-08 18:00:00,1.22,50.25,30.42,93.83,63.06,1.87,381.5
2016-11-08 19:00:00,1.23,48.25,30.44,87.67,125.91,1.68,441.5
2016-11-08 20:00:00,1.23,48.5,30.46,98.75,190.64,3.47,501.5
2016-11-08 21:00:00,1.22,47.92,30.46,98.25,191.13,1.97,561.5
2016-11-08 22:00:00,1.22,47.17,30.45,97.0,187.85,5.81,621.5
2016-11-08 23:00:00,1.23,46.92,30.44,90.08,197.0,5.06,681.5
2016-11-09 00:00:00,1.22,46.0,30.43,88.5,195.23,5.81,698.5
2016-11-09 01:00:00,1.21,45.0,30.42,82.83,184.98,6.65,638.5
2016-11-09 02:00:00,1.22,45.0,30.41,77.67,185.77,6.19,578.5
2016-11-09 03:00:00,1.21,44.08,30.4,73.33,188.29,6.28,518.5
2016-11-09 04:00:00,1.21,44.5,30.4,68.75,184.64,7.21,458.5
2016-11-09 05:00:00,1.21,44.0,30.41,65.75,181.19,6.28,398.5
2016-11-09 06:00:00,7.72,44.75,30.43,60.5,195.97,6.18,338.5
2016-11-09 07:00:00,94.5,46.75,30.44,58.33,175.57,4.22,278.5
2016-11-09 08:00:00,436.83,53.58,30.45,52.92,321.06,1.97,218.5
2016-11-09 09:00:00,650.28,57.92,30.47,44.83,306.98,3.65,158.5
2016-11-09 10:00:00,795.38,60.92,30.47,39.25,323.04,6.65,98.5
2016-11-09 11:00:00,873.66,62.42,30.46,37.42,310.22,6.28,38.5
2016-11-09 12:00:00,880.02,63.08,30.44,41.92,271.26,6.75,21.83
2016-11-09 13:00:00,843.01,63.83,30.43,46.58,310.13,7.59,80.5
2016-11-09 14:00:00,722.73,63.08,30.41,64.5,313.33,7.31,140.5
2016-11-09 15:00:00,494.7,61.67,30.41,64.92,319.35,9.19,200.5
2016-11-09 16:00:00,255.62,59.08,30.42,71.67,316.35,8.44,260.5
2016-11-09 17:00:00,37.84,56.0,30.43,78.92,298.57,7.22,320.5
2016-11-09 18:00:00,1.26,52.58,30.44,93.08,306.92,4.12,380.5
2016-11-09 19:00:00,1.22,50.75,30.45,98.83,296.0,3.56,440.5
2016-11-09 20:00:00,1.24,51.08,30.46,68.08,236.67,6.56,500.5
2016-11-09 21:00:00,1.23,50.83,30.46,44.83,232.71,6.09,560.5
2016-11-09 22:00:00,1.22,48.83,30.46,38.92,229.49,4.5,620.5
2016-11-09 23:00:00,1.23,48.08,30.45,33.67,205.64,4.5,680.5
2016-11-10 00:00:00,1.21,47.58,30.44,29.25,212.39,4.12,698.5
2016-11-10 01:00:00,1.22,47.25,30.43,27.58,227.37,3.84,638.5
2016-11-10 02:00:00,1.23,49.75,30.42,21.83,240.77,6.75,578.5
2016-11-10 03:00:00,1.23,48.75,30.41,23.25,230.34,6.47,518.5
2016-11-10 04:00:00,1.22,48.25,30.41,25.42,218.64,6.28,458.5
2016-11-10 05:00:00,1.22,46.83,30.42,26.33,217.17,5.34,398.5
2016-11-10 06:00:00,7.08,46.25,30.43,27.25,202.21,7.31,338.5
2016-11-10 07:00:00,90.95,49.08,30.44,25.0,220.42,4.97,278.5
2016-11-10 08:00:00,447.08,58.08,30.46,13.92,293.58,5.9,218.5
2016-11-10 09:00:00,649.87,61.08,30.48,12.67,324.14,5.81,158.5
2016-11-10 10:00:00,800.54,62.67,30.48,14.25,326.27,4.69,98.5
2016-11-10 11:00:00,885.0,64.0,30.47,19.92,284.77,6.09,38.5
2016-11-10 12:00:00,863.08,63.33,30.45,55.25,101.52,7.31,21.83
2016-11-10 13:00:00,644.41,61.92,30.44,64.75,193.69,6.0,80.5
2016-11-10 14:00:00,328.5,60.33,30.43,75.75,50.9,6.37,140.5
2016-11-10 15:00:00,138.9,57.42,30.43,86.5,51.57,5.34,200.5
2016-11-10 16:00:00,66.17,56.33,30.44,88.25,91.38,3.75,260.5
2016-11-10 17:00:00,20.87,54.83,30.45,88.58,82.81,2.62,320.5
2016-11-10 18:00:00,1.23,52.75,30.46,85.75,115.6,1.78,380.5
2016-11-10 19:00:00,1.23,51.25,30.48,75.0,155.54,3.56,440.5
2016-11-10 20:00:00,1.24,51.25,30.49,76.33,164.81,2.9,500.5
2016-11-10 21:00:00,1.23,48.08,30.5,76.25,181.84,3.75,560.5
2016-11-10 22:00:00,1.22,47.42,30.5,58.83,176.51,6.18,620.5
2016-11-10 23:00:00,1.23,48.08,30.49,41.75,157.2,3.94,680.5
2016-11-11 00:00:00,1.22,46.92,30.47,41.67,176.29,5.81,698.5
2016-11-11 01:00:00,1.22,47.75,30.47,46.0,152.39,3.37,638.5
2016-11-11 02:00:00,1.22,47.0,30.46,60.58,193.88,7.97,578.5
2016-11-11 03:00:00,1.23,47.75,30.46,61.0,196.73,8.06,518.5
2016-11-11 04:00:00,1.22,47.42,30.46,54.08,191.66,6.65,458.5
2016-11-11 05:00:00,1.21,46.08,30.46,45.5,178.13,7.5,398.5
2016-11-11 06:00:00,6.95,46.75,30.48,36.92,172.44,5.72,338.5
2016-11-11 07:00:00,89.85,49.5,30.49,35.92,165.4,5.43,278.5
2016-11-11 08:00:00,442.35,58.75,30.51,33.58,77.74,2.44,218.5
2016-11-11 09:00:00,644.35,61.25,30.52,24.75,54.3,3.84,158.5
2016-11-11 10:00:00,794.07,62.33,30.52,25.67,60.81,6.0,98.5
2016-11-11 11:00:00,877.87,63.67,30.51,28.33,56.45,5.25,38.5
2016-11-11 12:00:00,885.98,63.42,30.49,44.33,104.82,6.28,21.83
2016-11-11 13:00:00,825.38,63.58,30.47,42.75,89.39,6.37,80.5
2016-11-11 14:00:00,688.2,63.08,30.45,51.17,52.35,6.94,140.5
2016-11-11 15:00:00,498.79,61.83,30.45,52.58,26.31,6.75,200.5
2016-11-11 16:00:00,255.25,60.5,30.45,52.75,61.95,6.47,260.5
2016-11-11 17:00:00,33.22,57.33,30.46,59.17,74.73,4.03,320.58
2016-11-11 18:00:00,1.24,54.58,30.47,63.42,114.01,3.37,380.5
2016-11-11 19:00:00,1.24,53.67,30.48,60.17,126.16,5.43,440.5
2016-11-11 20:00:00,1.24,52.42,30.49,60.42,120.6,5.72,500.5
2016-11-11 21:00:00,1.22,51.0,30.49,73.67,134.2,6.28,560.5
2016-11-11 22:00:00,1.23,50.5,30.49,74.0,132.34,5.9,620.5
2016-11-11 23:00:00,1.23,49.67,30.49,74.75,118.74,7.59,680.5
2016-11-12 00:00:00,1.22,49.0,30.48,77.75,135.9,6.47,699.5
2016-11-12 01:00:00,1.22,48.08,30.48,78.08,155.1,4.59,639.5
2016-11-12 02:00:00,1.2,46.0,30.47,77.0,169.6,4.87,579.5
2016-11-12 03:00:00,1.21,44.58,30.46,81.58,174.89,4.68,519.5
2016-11-12 04:00:00,1.2,43.58,30.46,82.5,173.43,4.31,459.5
2016-11-12 05:00:00,1.2,43.33,30.46,79.67,175.15,5.53,399.5
2016-11-12 06:00:00,6.88,44.75,30.47,74.67,175.61,5.44,339.5
2016-11-12 07:00:00,89.81,48.75,30.48,68.67,142.67,4.97,279.5
2016-11-12 08:00:00,449.02,56.33,30.49,63.08,62.92,4.22,219.5
2016-11-12 09:00:00,649.77,59.25,30.5,52.08,81.03,4.31,159.5
2016-11-12 10:00:00,799.09,60.75,30.5,49.25,134.21,6.09,99.5
2016-11-12 11:00:00,883.58,62.0,30.48,46.92,58.15,7.12,39.5
2016-11-12 12:00:00,895.99,61.92,30.47,50.33,36.22,7.5,22.0
2016-11-12 13:00:00,831.92,61.67,30.45,53.92,72.0,6.37,80.5
2016-11-12 14:00:00,694.68,60.67,30.44,64.17,57.09,7.5,140.5
2016-11-12 15:00:00,339.69,59.08,30.43,78.25,89.62,4.22,200.5
2016-11-12 16:00:00,142.23,56.92,30.44,86.08,31.33,4.22,260.5
2016-11-12 17:00:00,21.58,54.75,30.45,77.92,64.19,1.69,320.5
2016-11-12 18:00:00,1.24,53.0,30.46,58.08,104.13,1.5,380.5
2016-11-12 19:00:00,1.23,50.75,30.47,61.67,137.54,3.75,440.5
2016-11-12 20:00:00,1.22,49.08,30.48,55.25,156.26,4.59,500.5
2016-11-12 21:00:00,1.21,48.0,30.49,56.5,161.18,5.53,560.5
2016-11-12 22:00:00,1.22,47.08,30.49,50.58,159.03,5.72,620.5
2016-11-12 23:00:00,1.21,47.0,30.48,49.08,154.96,6.09,680.5
2016-11-13 00:00:00,1.21,46.83,30.47,46.33,152.77,5.06,699.5
2016-11-13 01:00:00,1.21,45.92,30.45,62.58,163.43,5.72,639.5
2016-11-13 02:00:00,1.21,45.5,30.44,59.17,162.71,3.65,579.5
2016-11-13 03:00:00,1.21,45.42,30.44,66.25,157.47,5.9,519.5
2016-11-13 04:00:00,1.2,44.5,30.44,62.58,153.88,6.0,459.5
2016-11-13 05:00:00,1.19,44.17,30.44,59.83,161.25,6.09,399.5
2016-11-13 06:00:00,6.53,44.0,30.45,59.17,164.7,6.93,339.5
2016-11-13 07:00:00,90.07,46.67,30.46,54.33,137.25,3.65,279.5
2016-11-13 08:00:00,454.86,53.17,30.47,55.25,73.47,4.97,219.5
2016-11-13 09:00:00,658.64,56.08,30.48,40.67,82.39,5.62,159.5
2016-11-13 10:00:00,808.08,57.42,30.48,46.08,124.15,6.37,99.5
2016-11-13 11:00:00,891.74,58.5,30.47,53.33,132.09,6.65,39.5
2016-11-13 12:00:00,902.64,58.92,30.45,59.42,67.84,8.06,22.0
2016-11-13 13:00:00,837.84,57.75,30.43,65.67,30.8,9.56,80.5
2016-11-13 14:00:00,706.19,57.75,30.42,64.67,92.09,6.84,140.5
2016-11-13 15:00:00,513.42,55.83,30.42,69.33,108.38,8.43,200.5
2016-11-13 16:00:00,270.0,53.25,30.42,79.08,53.83,7.22,260.5
2016-11-13 17:00:00,36.06,49.83,30.43,88.5,104.54,7.12,320.5
2016-11-13 18:00:00,1.21,48.0,30.44,96.33,92.73,5.25,380.5
2016-11-13 19:00:00,1.21,46.92,30.46,99.25,80.83,4.87,440.5
2016-11-13 20:00:00,1.21,45.0,30.47,93.25,123.53,4.78,500.5
2016-11-13 21:00:00,1.2,44.67,30.47,87.25,142.29,6.75,560.5
2016-11-13 22:00:00,1.2,45.0,30.47,84.0,125.19,8.81,620.5
2016-11-13 23:00:00,1.2,45.58,30.47,63.58,140.95,6.56,680.5
2016-11-14 00:00:00,1.2,46.0,30.46,28.58,154.95,6.47,699.5
2016-11-14 01:00:00,1.2,45.75,30.46,27.17,146.23,7.5,639.5
2016-11-14 02:00:00,1.2,45.17,30.45,27.58,149.17,7.12,579.5
2016-11-14 03:00:00,1.19,45.0,30.44,26.58,153.85,6.65,519.5
2016-11-14 04:00:00,1.2,44.5,30.44,35.17,143.61,6.0,459.5
2016-11-14 05:00:00,1.2,45.0,30.44,50.17,141.26,6.19,399.5
2016-11-14 06:00:00,6.38,45.83,30.45,47.67,128.84,7.78,339.5
2016-11-14 07:00:00,79.3,47.75,30.46,63.33,102.94,5.9,279.5
2016-11-14 08:00:00,314.78,52.75,30.48,79.92,108.33,5.06,219.5
2016-11-14 09:00:00,344.65,52.08,30.49,96.83,74.25,4.78,159.5
2016-11-14 10:00:00,596.27,53.25,30.49,97.75,73.74,5.53,99.5
2016-11-14 11:00:00,576.36,54.0,30.47,97.5,132.41,6.75,39.5
2016-11-14 12:00:00,732.53,55.58,30.45,89.92,94.42,8.25,22.0
2016-11-14 13:00:00,649.26,55.25,30.44,95.67,85.92,6.0,80.5
2016-11-14 14:00:00,499.26,54.08,30.43,98.5,104.45,5.72,140.5
2016-11-14 15:00:00,281.91,53.08,30.43,99.0,79.35,5.15,200.5
2016-11-14 16:00:00,138.63,51.58,30.44,100.33,81.7,6.56,260.5
2016-11-14 17:00:00,75.37,51.58,30.45,99.58,108.43,5.06,320.5
2016-11-14 18:00:00,1.23,50.83,30.46,100.67,89.05,4.4,380.5
2016-11-14 19:00:00,1.22,49.92,30.47,101.0,85.33,4.69,440.5
2016-11-14 20:00:00,1.22,49.0,30.48,101.92,107.06,4.31,500.5
2016-11-14 21:00:00,1.23,48.17,30.48,102.0,116.44,4.78,560.5
2016-11-14 22:00:00,1.22,47.33,30.48,101.92,148.27,7.59,620.5
2016-11-14 23:00:00,1.2,45.58,30.47,84.58,167.93,7.78,680.5
2016-11-15 00:00:00,1.2,44.5,30.46,78.67,163.99,8.44,699.5
2016-11-15 01:00:00,1.21,44.17,30.45,79.08,169.07,9.94,639.5
2016-11-15 02:00:00,1.21,44.33,30.44,77.75,165.27,8.44,579.5
2016-11-15 03:00:00,1.21,44.33,30.43,67.17,156.59,8.9,519.5
2016-11-15 04:00:00,1.22,44.25,30.42,56.58,154.46,10.12,459.5
2016-11-15 05:00:00,1.2,44.67,30.43,53.75,156.72,10.31,399.5
2016-11-15 06:00:00,6.3,44.0,30.44,52.33,164.59,12.46,339.5
2016-11-15 07:00:00,88.66,46.08,30.46,51.83,151.79,7.5,279.5
2016-11-15 08:00:00,447.06,51.08,30.47,61.5,118.32,5.72,219.5
2016-11-15 09:00:00,475.31,52.83,30.49,85.75,117.76,8.9,159.5
2016-11-15 10:00:00,497.1,53.58,30.49,96.5,115.8,6.75,99.5
2016-11-15 11:00:00,578.72,54.42,30.47,98.08,79.27,7.78,39.5
2016-11-15 12:00:00,694.7,54.33,30.46,98.33,97.33,6.0,22.0
2016-11-15 13:00:00,840.63,56.42,30.45,84.08,96.72,7.97,80.5
2016-11-15 14:00:00,748.36,56.75,30.44,85.5,102.89,7.21,140.5
2016-11-15 15:00:00,448.15,57.0,30.44,88.83,103.42,7.31,200.5
2016-11-15 16:00:00,293.49,55.42,30.44,92.5,105.2,5.25,260.5
2016-11-15 17:00:00,35.54,52.75,30.45,94.58,112.61,7.78,320.5
2016-11-15 18:00:00,1.22,50.08,30.45,87.5,122.87,6.84,380.5
2016-11-15 19:00:00,1.22,49.25,30.46,55.33,147.22,8.06,440.5
2016-11-15 20:00:00,1.22,49.42,30.47,35.08,143.29,8.62,500.5
2016-11-15 21:00:00,1.21,48.08,30.48,36.33,155.6,8.9,560.5
2016-11-15 22:00:00,1.21,48.0,30.48,31.42,167.39,9.0,620.5
2016-11-15 23:00:00,1.21,48.0,30.48,30.0,170.95,9.37,680.5
2016-11-16 00:00:00,1.23,47.64,30.47,28.64,163.73,10.02,697.45
2016-11-16 01:00:00,1.22,46.5,30.46,28.67,170.35,8.15,639.5
2016-11-16 02:00:00,1.22,46.58,30.45,25.92,159.37,9.0,579.5
2016-11-16 03:00:00,1.21,48.17,30.44,22.67,169.97,9.37,519.5
2016-11-16 04:00:00,1.22,48.67,30.44,21.33,162.1,10.22,459.5
2016-11-16 05:00:00,1.23,49.25,30.44,20.42,159.86,12.0,399.5
2016-11-16 06:00:00,6.21,49.0,30.45,20.5,171.88,11.25,339.5
2016-11-16 07:00:00,88.38,51.25,30.47,18.83,153.77,10.4,279.5
2016-11-16 08:00:00,451.32,58.58,30.47,15.5,133.03,7.12,219.5
2016-11-16 09:00:00,654.71,61.33,30.49,18.33,114.99,7.5,159.5
2016-11-16 10:00:00,808.12,64.0,30.48,15.42,109.34,10.03,99.5
2016-11-16 11:00:00,889.73,63.42,30.47,30.25,120.79,9.75,39.5
2016-11-16 12:00:00,905.47,63.92,30.45,27.92,121.04,7.21,21.17
2016-11-16 13:00:00,847.23,66.0,30.42,16.0,147.69,9.84,79.5
2016-11-16 14:00:00,716.34,66.42,30.41,15.5,104.11,11.44,139.5
2016-11-16 15:00:00,524.42,64.25,30.41,18.08,122.88,12.75,199.5
2016-11-16 16:00:00,275.33,62.75,30.41,18.42,134.09,13.87,259.5
2016-11-16 17:00:00,33.24,58.17,30.41,20.92,152.73,13.22,319.5
2016-11-16 18:00:00,1.24,54.83,30.43,22.25,161.33,13.22,379.5
2016-11-16 19:00:00,1.21,48.83,30.44,72.58,139.86,6.84,439.5
2016-11-16 20:00:00,1.21,46.0,30.44,91.42,120.81,8.15,499.5
2016-11-16 21:00:00,1.2,45.08,30.44,93.67,101.67,5.9,559.5
2016-11-16 22:00:00,1.21,46.33,30.44,54.5,133.66,9.19,619.5
2016-11-16 23:00:00,1.22,50.58,30.43,24.75,154.56,12.84,679.5
2016-11-17 00:00:00,1.23,51.33,30.43,22.08,159.72,15.47,699.5
2016-11-17 01:00:00,1.22,51.17,30.42,22.83,158.61,15.09,639.5
2016-11-17 02:00:00,1.24,51.83,30.41,21.17,162.09,10.5,579.5
2016-11-17 03:00:00,1.23,52.0,30.41,20.67,162.1,14.06,519.5
2016-11-17 04:00:00,1.22,52.0,30.41,20.5,153.48,9.84,459.5
2016-11-17 05:00:00,1.22,52.0,30.42,20.17,159.03,12.56,399.5
2016-11-17 06:00:00,6.98,51.25,30.43,20.0,155.48,11.06,339.5
2016-11-17 07:00:00,88.15,54.17,30.44,17.5,157.94,8.53,279.5
2016-11-17 08:00:00,447.9,59.0,30.45,18.92,98.36,9.37,219.5
2016-11-17 09:00:00,594.21,57.92,30.46,23.75,65.99,6.84,159.5
2016-11-17 10:00:00,759.92,59.83,30.46,21.0,92.39,5.53,99.5
2016-11-17 11:00:00,814.06,59.5,30.45,26.5,84.36,9.47,39.5
2016-11-17 12:00:00,902.65,60.75,30.43,28.67,149.23,9.56,21.17
2016-11-17 13:00:00,841.07,61.17,30.42,27.33,45.9,9.47,79.5
2016-11-17 14:00:00,670.7,60.5,30.41,33.58,97.52,6.37,139.5
2016-11-17 15:00:00,365.36,59.0,30.4,42.0,79.51,6.75,199.5
2016-11-17 16:00:00,269.91,58.5,30.4,30.67,105.95,5.81,259.5
2016-11-17 17:00:00,34.84,56.67,30.41,20.58,101.61,4.68,319.5
2016-11-17 18:00:00,1.23,53.5,30.42,19.0,147.38,6.19,379.5
2016-11-17 19:00:00,1.22,51.33,30.44,20.58,166.75,7.31,439.5
2016-11-17 20:00:00,1.22,50.33,30.45,21.17,160.37,7.78,499.5
2016-11-17 21:00:00,1.22,50.0,30.45,21.17,168.6,9.28,559.5
2016-11-17 22:00:00,1.22,49.33,30.45,21.0,158.9,8.15,619.5
2016-11-17 23:00:00,1.21,48.83,30.45,21.67,161.49,7.59,679.5
2016-11-18 00:00:00,1.21,47.67,30.44,22.67,170.16,8.06,700.5
2016-11-18 01:00:00,1.22,47.75,30.43,26.92,173.95,7.12,640.5
2016-11-18 02:00:00,1.22,46.92,30.43,25.42,165.83,7.97,580.5
2016-11-18 03:00:00,1.22,47.0,30.42,27.92,166.45,8.72,520.5
2016-11-18 04:00:00,1.2,46.92,30.42,30.58,159.32,8.62,460.5
2016-11-18 05:00:00,1.21,46.0,30.42,35.25,162.75,8.44,400.5
2016-11-18 06:00:00,5.99,45.58,30.43,51.08,160.63,8.81,340.5
2016-11-18 07:00:00,71.51,47.5,30.43,64.42,155.73,6.09,280.5
2016-11-18 08:00:00,256.4,52.42,30.45,82.67,144.49,7.12,220.5
2016-11-18 09:00:00,407.43,52.58,30.45,95.17,111.08,4.12,160.5
2016-11-18 10:00:00,560.03,53.08,30.44,97.58,88.87,5.15,100.5
2016-11-18 11:00:00,731.93,54.5,30.43,91.17,65.55,6.75,40.5
2016-11-18 12:00:00,894.97,59.5,30.41,51.67,114.58,5.62,21.33
2016-11-18 13:00:00,820.91,62.25,30.41,26.5,54.66,5.62,79.5
2016-11-18 14:00:00,704.75,61.75,30.39,28.0,140.59,5.15,139.5
2016-11-18 15:00:00,460.49,58.67,30.39,44.17,75.53,5.71,199.5
2016-11-18 16:00:00,234.68,55.75,30.39,59.25,78.56,6.93,259.5
2016-11-18 17:00:00,25.91,51.92,30.4,62.08,119.43,7.12,319.5
2016-11-18 18:00:00,1.21,48.92,30.41,86.67,117.65,6.28,379.5
2016-11-18 19:00:00,1.21,47.33,30.42,77.83,133.33,7.03,439.5
2016-11-18 20:00:00,1.23,48.0,30.43,88.08,140.22,10.5,499.5
2016-11-18 21:00:00,1.21,47.67,30.43,93.33,157.87,7.87,559.5
2016-11-18 22:00:00,1.22,47.42,30.44,97.58,146.4,6.94,619.5
2016-11-18 23:00:00,1.21,45.42,30.44,81.25,155.77,7.78,679.5
2016-11-19 00:00:00,1.21,46.75,30.43,95.75,139.64,5.72,700.5
2016-11-19 01:00:00,1.2,45.42,30.42,97.17,159.63,5.25,640.5
2016-11-19 02:00:00,1.2,43.67,30.41,64.17,163.4,5.43,580.5
2016-11-19 03:00:00,1.2,44.0,30.4,54.42,144.13,6.28,520.5
2016-11-19 04:00:00,1.21,44.08,30.4,58.17,149.59,6.84,460.5
2016-11-19 05:00:00,1.2,45.83,30.41,33.75,162.69,9.94,400.5
2016-11-19 06:00:00,7.08,47.58,30.42,26.92,158.1,10.87,340.5
2016-11-19 07:00:00,109.33,50.08,30.43,27.08,136.43,7.5,280.5
2016-11-19 08:00:00,421.47,54.42,30.44,42.75,121.07,5.44,220.5
2016-11-19 09:00:00,546.46,54.42,30.46,52.5,125.79,6.37,160.5
2016-11-19 10:00:00,747.5,52.83,30.46,68.67,101.94,9.09,100.5
2016-11-19 11:00:00,875.7,55.0,30.45,56.58,78.88,7.78,40.5
2016-11-19 12:00:00,780.58,54.83,30.43,63.67,94.64,8.43,21.33
2016-11-19 13:00:00,771.27,54.75,30.41,66.0,85.28,9.84,79.5
2016-11-19 14:00:00,698.84,55.67,30.4,62.92,113.48,9.84,139.5
2016-11-19 15:00:00,319.78,52.75,30.41,71.17,91.35,8.15,199.5
2016-11-19 16:00:00,186.71,50.75,30.41,81.33,78.21,6.47,259.5
2016-11-19 17:00:00,24.1,49.33,30.42,87.83,97.35,7.5,319.5
2016-11-19 18:00:00,1.22,48.0,30.43,92.5,137.81,9.09,379.5
2016-11-19 19:00:00,1.22,48.0,30.44,95.33,128.57,10.68,439.5
2016-11-19 20:00:00,1.22,48.0,30.46,96.75,135.28,8.06,499.5
2016-11-19 21:00:00,1.22,48.5,30.47,94.25,146.27,9.65,559.5
2016-11-19 22:00:00,1.22,49.75,30.47,99.08,146.47,6.56,619.5
2016-11-19 23:00:00,1.22,50.0,30.45,100.5,134.88,6.28,679.5
2016-11-20 00:00:00,1.22,50.0,30.44,101.0,117.03,5.01,698.45
2016-11-20 01:00:00,1.22,48.58,30.43,101.17,124.37,8.9,640.5
2016-11-20 02:00:00,1.21,48.58,30.42,102.0,137.98,7.78,580.5
2016-11-20 03:00:00,1.21,48.42,30.41,102.0,114.93,8.06,520.5
2016-11-20 04:00:00,1.22,48.33,30.41,102.0,135.93,8.72,460.5
2016-11-20 05:00:00,1.21,48.0,30.41,102.0,121.24,6.84,400.5
2016-11-20 06:00:00,5.03,47.08,30.42,102.0,132.39,10.4,340.5
2016-11-20 07:00:00,90.64,46.42,30.44,97.33,119.89,8.15,280.5
2016-11-20 08:00:00,448.11,51.0,30.45,77.5,114.97,6.75,220.5
2016-11-20 09:00:00,540.04,51.08,30.46,93.58,80.06,6.46,160.5
2016-11-20 10:00:00,739.05,55.83,30.45,87.17,90.79,6.37,100.5
2016-11-20 11:00:00,694.89,55.25,30.44,92.17,115.31,7.5,40.5
2016-11-20 12:00:00,582.54,53.58,30.42,98.5,79.98,7.03,21.33
2016-11-20 13:00:00,489.51,53.42,30.41,99.75,94.88,6.37,79.5
2016-11-20 14:00:00,381.96,52.75,30.39,100.83,51.09,6.28,139.5
2016-11-20 15:00:00,259.46,51.33,30.39,101.0,58.52,5.81,199.5
2016-11-20 16:00:00,151.73,50.92,30.39,101.25,77.63,8.53,259.5
2016-11-20 17:00:00,24.95,49.42,30.4,102.0,84.83,5.16,319.5
2016-11-20 18:00:00,1.22,49.0,30.42,102.0,111.17,6.84,379.5
2016-11-20 19:00:00,1.22,49.0,30.44,102.0,141.0,6.37,439.5
2016-11-20 20:00:00,1.22,48.25,30.44,102.0,121.7,7.59,499.5
2016-11-20 21:00:00,1.22,47.92,30.44,102.0,117.27,7.4,559.5
2016-11-20 22:00:00,1.2,47.42,30.44,101.25,106.56,7.22,619.5
2016-11-20 23:00:00,1.2,46.08,30.44,101.08,100.87,6.94,679.5
2016-11-21 00:00:00,1.2,45.58,30.43,85.08,142.95,10.4,700.5
2016-11-21 01:00:00,1.2,45.17,30.43,85.08,158.22,8.72,640.5
2016-11-21 02:00:00,1.2,45.5,30.41,89.75,141.03,6.09,580.5
2016-11-21 03:00:00,1.2,44.42,30.4,88.0,154.85,7.78,520.5
2016-11-21 04:00:00,1.19,43.0,30.4,84.0,160.85,4.87,460.5
2016-11-21 05:00:00,1.2,42.92,30.41,81.75,159.12,7.87,400.5
2016-11-21 06:00:00,7.36,43.33,30.42,90.5,160.14,8.53,340.5
2016-11-21 07:00:00,92.91,45.08,30.44,89.75,150.11,9.0,280.5
2016-11-21 08:00:00,277.6,49.67,30.45,95.42,149.32,7.68,220.5
2016-11-21 09:00:00,552.09,56.08,30.45,81.5,127.18,8.34,160.5
2016-11-21 10:00:00,773.16,58.83,30.45,80.17,83.06,7.31,100.5
2016-11-21 11:00:00,768.68,58.0,30.43,87.83,105.24,9.47,40.5
2016-11-21 12:00:00,709.88,56.67,30.41,93.42,63.36,8.53,20.5
2016-11-21 13:00:00,685.31,58.5,30.4,85.5,90.77,6.75,78.5
2016-11-21 14:00:00,468.52,56.0,30.39,93.33,124.78,6.93,138.5
2016-11-21 15:00:00,249.38,53.33,30.39,99.33,73.7,7.03,198.5
2016-11-21 16:00:00,119.43,51.5,30.39,100.5,129.58,6.56,258.5
2016-11-21 17:00:00,20.18,50.83,30.41,101.0,70.67,4.87,318.5
2016-11-21 18:00:00,1.22,50.0,30.42,101.83,84.08,4.5,378.5
2016-11-21 19:00:00,1.23,50.0,30.43,102.0,94.12,4.12,438.5
2016-11-21 20:00:00,1.22,50.0,30.45,102.0,89.0,3.47,498.5
2016-11-21 21:00:00,1.22,49.0,30.45,102.0,91.04,3.18,558.5
2016-11-21 22:00:00,1.21,49.0,30.45,102.0,109.93,4.03,618.5
2016-11-21 23:00:00,1.21,48.17,30.43,102.0,90.48,4.78,678.5
2016-11-22 00:00:00,1.21,48.0,30.43,102.0,102.44,5.06,700.5
2016-11-22 01:00:00,1.21,47.92,30.42,102.0,79.96,4.59,640.5
2016-11-22 02:00:00,1.21,46.58,30.41,102.0,90.21,4.4,580.5
2016-11-22 03:00:00,1.2,45.67,30.4,102.0,132.31,4.4,520.5
2016-11-22 04:00:00,1.21,45.75,30.4,102.25,107.0,3.75,460.5
2016-11-22 05:00:00,1.2,44.42,30.41,102.0,132.89,6.18,400.5
2016-11-22 06:00:00,4.92,45.08,30.43,102.83,152.62,6.0,340.5
2016-11-22 07:00:00,66.81,47.0,30.43,103.0,126.57,5.25,280.5
2016-11-22 08:00:00,167.99,48.0,30.44,103.0,104.46,4.4,220.5
2016-11-22 09:00:00,387.98,48.83,30.44,102.58,85.24,6.0,160.5
2016-11-22 10:00:00,410.75,49.17,30.43,101.75,85.41,5.34,100.5
2016-11-22 11:00:00,343.39,48.33,30.42,101.17,56.77,5.25,40.5
2016-11-22 12:00:00,513.81,48.33,30.41,102.0,86.43,6.75,20.5
2016-11-22 13:00:00,477.94,49.08,30.39,100.83,108.29,6.09,78.5
2016-11-22 14:00:00,531.18,48.83,30.38,98.5,68.54,7.22,138.5
2016-11-22 15:00:00,403.31,48.17,30.39,97.83,87.28,6.37,198.5
2016-11-22 16:00:00,155.58,46.25,30.39,96.67,70.96,6.0,258.5
2016-11-22 17:00:00,13.73,44.0,30.41,96.75,116.69,4.68,318.5
2016-11-22 18:00:00,1.21,43.58,30.42,69.33,138.99,7.59,378.5
2016-11-22 19:00:00,1.2,41.33,30.44,75.92,139.39,8.25,438.5
2016-11-22 20:00:00,1.2,41.75,30.44,97.83,152.35,7.03,498.5
2016-11-22 21:00:00,1.19,42.67,30.44,100.92,141.64,6.0,558.5
2016-11-22 22:00:00,1.2,42.83,30.44,101.0,119.46,6.46,618.5
2016-11-22 23:00:00,1.18,40.33,30.44,88.42,141.4,7.4,678.5
2016-11-23 00:00:00,1.18,41.0,30.42,86.67,148.1,9.56,701.5
